project_name,layer_id,property_id,property_name,unit_of_measure_id,dimension_des,metadata_url,download_url,get_map_url,get_legend_url,get_feature_info_url
Global Soil Nutrients Map,BT-GSNM-BASAT-2024-0-30,BASAT,Base saturation,%,0-30,http://localhost:8001/collections/metadata:main/items/50888427-84b7-11f0-8702-b72cd12597f0,"https://storage.googleapis.com/fao-gismgr-glosis-data/DATA/GLOSIS/MAP/GLOSIS.BT-GSNM-BASAT-2024,tif",http://localhost:8082/?map=/etc/mapserver/BT-GSNM-BASAT-2024-0-30.map&SERVICE=WMS&VERSION=1.3.0&REQUEST=GetMap&BBOX=26.7%2C88.7%2C28.2%2C92.1&CRS=EPSG%3A4326&WIDTH=1500&HEIGHT=689&LAYERS=BT-GSNM-BASAT-2024-0-30&STYLES=&FORMAT=image%2Fpng&DPI=96&MAP_RESOLUTION=96&FORMAT_OPTIONS=dpi%3A96&TRANSPARENT=TRUE,http://localhost:8082/?map=/etc/mapserver/BT-GSNM-BASAT-2024-0-30.map&SERVICE=WMS&VERSION=1.1.1&LAYER=BT-GSNM-BASAT-2024-0-30&REQUEST=getlegendgraphic&FORMAT=image/png,http://localhost:8082/?map=/etc/mapserver/BT-GSNM-BASAT-2024-0-30.map&SERVICE=WMS&VERSION=1.3.0&REQUEST=GetFeatureInfo&LAYERS=BT-GSNM-BASAT-2024-0-30&STYLES=&FORMAT=image%2Fpng&QUERY_LAYERS=BT-GSNM-BASAT-2024-0-30&INFO_FORMAT=text%2Fhtml&I=282&J=429
Global Soil Nutrients Map,BT-GSNM-BASATSD-2024-0-30,BASATSD,Base saturation standard deviation,%,0-30,http://localhost:8001/collections/metadata:main/items/50888404-84b7-11f0-8702-b72cd12597f0,"https://storage.googleapis.com/fao-gismgr-glosis-data/DATA/GLOSIS/MAP/GLOSIS.BT-GSNM-BASATSD-2024,tif",http://localhost:8082/?map=/etc/mapserver/BT-GSNM-BASATSD-2024-0-30.map&SERVICE=WMS&VERSION=1.3.0&REQUEST=GetMap&BBOX=26.7%2C88.7%2C28.2%2C92.1&CRS=EPSG%3A4326&WIDTH=1500&HEIGHT=689&LAYERS=BT-GSNM-BASATSD-2024-0-30&STYLES=&FORMAT=image%2Fpng&DPI=96&MAP_RESOLUTION=96&FORMAT_OPTIONS=dpi%3A96&TRANSPARENT=TRUE,http://localhost:8082/?map=/etc/mapserver/BT-GSNM-BASATSD-2024-0-30.map&SERVICE=WMS&VERSION=1.1.1&LAYER=BT-GSNM-BASATSD-2024-0-30&REQUEST=getlegendgraphic&FORMAT=image/png,http://localhost:8082/?map=/etc/mapserver/BT-GSNM-BASATSD-2024-0-30.map&SERVICE=WMS&VERSION=1.3.0&REQUEST=GetFeatureInfo&LAYERS=BT-GSNM-BASATSD-2024-0-30&STYLES=&FORMAT=image%2Fpng&QUERY_LAYERS=BT-GSNM-BASATSD-2024-0-30&INFO_FORMAT=text%2Fhtml&I=282&J=429
Global Soil Nutrients Map,BT-GSNM-BKD-2024-0-30,BKD,Bulk density,kg/dm³,0-30,http://localhost:8001/collections/metadata:main/items/50888417-84b7-11f0-8702-b72cd12597f0,"https://storage.googleapis.com/fao-gismgr-glosis-data/DATA/GLOSIS/MAP/GLOSIS.BT-GSNM-BKD-2024,tif",http://localhost:8082/?map=/etc/mapserver/BT-GSNM-BKD-2024-0-30.map&SERVICE=WMS&VERSION=1.3.0&REQUEST=GetMap&BBOX=26.7%2C88.7%2C28.2%2C92.1&CRS=EPSG%3A4326&WIDTH=1500&HEIGHT=689&LAYERS=BT-GSNM-BKD-2024-0-30&STYLES=&FORMAT=image%2Fpng&DPI=96&MAP_RESOLUTION=96&FORMAT_OPTIONS=dpi%3A96&TRANSPARENT=TRUE,http://localhost:8082/?map=/etc/mapserver/BT-GSNM-BKD-2024-0-30.map&SERVICE=WMS&VERSION=1.1.1&LAYER=BT-GSNM-BKD-2024-0-30&REQUEST=getlegendgraphic&FORMAT=image/png,http://localhost:8082/?map=/etc/mapserver/BT-GSNM-BKD-2024-0-30.map&SERVICE=WMS&VERSION=1.3.0&REQUEST=GetFeatureInfo&LAYERS=BT-GSNM-BKD-2024-0-30&STYLES=&FORMAT=image%2Fpng&QUERY_LAYERS=BT-GSNM-BKD-2024-0-30&INFO_FORMAT=text%2Fhtml&I=282&J=429
Global Soil Nutrients Map,BT-GSNM-BKDSD-2024-0-30,BKDSD,Bulk density standard deviation,kg/dm³,0-30,http://localhost:8001/collections/metadata:main/items/50888416-84b7-11f0-8702-b72cd12597f0,"https://storage.googleapis.com/fao-gismgr-glosis-data/DATA/GLOSIS/MAP/GLOSIS.BT-GSNM-BKDSD-2024,tif",http://localhost:8082/?map=/etc/mapserver/BT-GSNM-BKDSD-2024-0-30.map&SERVICE=WMS&VERSION=1.3.0&REQUEST=GetMap&BBOX=26.7%2C88.7%2C28.2%2C92.1&CRS=EPSG%3A4326&WIDTH=1500&HEIGHT=689&LAYERS=BT-GSNM-BKDSD-2024-0-30&STYLES=&FORMAT=image%2Fpng&DPI=96&MAP_RESOLUTION=96&FORMAT_OPTIONS=dpi%3A96&TRANSPARENT=TRUE,http://localhost:8082/?map=/etc/mapserver/BT-GSNM-BKDSD-2024-0-30.map&SERVICE=WMS&VERSION=1.1.1&LAYER=BT-GSNM-BKDSD-2024-0-30&REQUEST=getlegendgraphic&FORMAT=image/png,http://localhost:8082/?map=/etc/mapserver/BT-GSNM-BKDSD-2024-0-30.map&SERVICE=WMS&VERSION=1.3.0&REQUEST=GetFeatureInfo&LAYERS=BT-GSNM-BKDSD-2024-0-30&STYLES=&FORMAT=image%2Fpng&QUERY_LAYERS=BT-GSNM-BKDSD-2024-0-30&INFO_FORMAT=text%2Fhtml&I=282&J=429
Global Soil Nutrients Map,BT-GSNM-BSEXC-2024-0-30,BSEXC,Bases - exchangeable,cmol/kg,0-30,http://localhost:8001/collections/metadata:main/items/508883f2-84b7-11f0-8702-b72cd12597f0,"https://storage.googleapis.com/fao-gismgr-glosis-data/DATA/GLOSIS/MAP/GLOSIS.BT-GSNM-BSEXC-2024,tif",http://localhost:8082/?map=/etc/mapserver/BT-GSNM-BSEXC-2024-0-30.map&SERVICE=WMS&VERSION=1.3.0&REQUEST=GetMap&BBOX=26.7%2C88.7%2C28.2%2C92.1&CRS=EPSG%3A4326&WIDTH=1500&HEIGHT=689&LAYERS=BT-GSNM-BSEXC-2024-0-30&STYLES=&FORMAT=image%2Fpng&DPI=96&MAP_RESOLUTION=96&FORMAT_OPTIONS=dpi%3A96&TRANSPARENT=TRUE,http://localhost:8082/?map=/etc/mapserver/BT-GSNM-BSEXC-2024-0-30.map&SERVICE=WMS&VERSION=1.1.1&LAYER=BT-GSNM-BSEXC-2024-0-30&REQUEST=getlegendgraphic&FORMAT=image/png,http://localhost:8082/?map=/etc/mapserver/BT-GSNM-BSEXC-2024-0-30.map&SERVICE=WMS&VERSION=1.3.0&REQUEST=GetFeatureInfo&LAYERS=BT-GSNM-BSEXC-2024-0-30&STYLES=&FORMAT=image%2Fpng&QUERY_LAYERS=BT-GSNM-BSEXC-2024-0-30&INFO_FORMAT=text%2Fhtml&I=282&J=429
Global Soil Nutrients Map,BT-GSNM-BSEXCSD-2024-0-30,BSEXCSD,Exchangeable bases standard deviation,cmol/kg,0-30,http://localhost:8001/collections/metadata:main/items/508883f9-84b7-11f0-8702-b72cd12597f0,"https://storage.googleapis.com/fao-gismgr-glosis-data/DATA/GLOSIS/MAP/GLOSIS.BT-GSNM-BSEXCSD-2024,tif",http://localhost:8082/?map=/etc/mapserver/BT-GSNM-BSEXCSD-2024-0-30.map&SERVICE=WMS&VERSION=1.3.0&REQUEST=GetMap&BBOX=26.7%2C88.7%2C28.2%2C92.1&CRS=EPSG%3A4326&WIDTH=1500&HEIGHT=689&LAYERS=BT-GSNM-BSEXCSD-2024-0-30&STYLES=&FORMAT=image%2Fpng&DPI=96&MAP_RESOLUTION=96&FORMAT_OPTIONS=dpi%3A96&TRANSPARENT=TRUE,http://localhost:8082/?map=/etc/mapserver/BT-GSNM-BSEXCSD-2024-0-30.map&SERVICE=WMS&VERSION=1.1.1&LAYER=BT-GSNM-BSEXCSD-2024-0-30&REQUEST=getlegendgraphic&FORMAT=image/png,http://localhost:8082/?map=/etc/mapserver/BT-GSNM-BSEXCSD-2024-0-30.map&SERVICE=WMS&VERSION=1.3.0&REQUEST=GetFeatureInfo&LAYERS=BT-GSNM-BSEXCSD-2024-0-30&STYLES=&FORMAT=image%2Fpng&QUERY_LAYERS=BT-GSNM-BSEXCSD-2024-0-30&INFO_FORMAT=text%2Fhtml&I=282&J=429
Global Soil Nutrients Map,BT-GSNM-CAEXC-2024-0-30,CAEXC,Calcium (Ca++) - exchangeable,cmol/kg,0-30,http://localhost:8001/collections/metadata:main/items/508883ff-84b7-11f0-8702-b72cd12597f0,"https://storage.googleapis.com/fao-gismgr-glosis-data/DATA/GLOSIS/MAP/GLOSIS.BT-GSNM-CAEXC-2024,tif",http://localhost:8082/?map=/etc/mapserver/BT-GSNM-CAEXC-2024-0-30.map&SERVICE=WMS&VERSION=1.3.0&REQUEST=GetMap&BBOX=26.7%2C88.7%2C28.2%2C92.1&CRS=EPSG%3A4326&WIDTH=1500&HEIGHT=689&LAYERS=BT-GSNM-CAEXC-2024-0-30&STYLES=&FORMAT=image%2Fpng&DPI=96&MAP_RESOLUTION=96&FORMAT_OPTIONS=dpi%3A96&TRANSPARENT=TRUE,http://localhost:8082/?map=/etc/mapserver/BT-GSNM-CAEXC-2024-0-30.map&SERVICE=WMS&VERSION=1.1.1&LAYER=BT-GSNM-CAEXC-2024-0-30&REQUEST=getlegendgraphic&FORMAT=image/png,http://localhost:8082/?map=/etc/mapserver/BT-GSNM-CAEXC-2024-0-30.map&SERVICE=WMS&VERSION=1.3.0&REQUEST=GetFeatureInfo&LAYERS=BT-GSNM-CAEXC-2024-0-30&STYLES=&FORMAT=image%2Fpng&QUERY_LAYERS=BT-GSNM-CAEXC-2024-0-30&INFO_FORMAT=text%2Fhtml&I=282&J=429
Global Soil Nutrients Map,BT-GSNM-CAEXCSD-2024-0-30,CAEXCSD,Calcium (Ca++) - exchangeable standard deviation,cmol/kg,0-30,http://localhost:8001/collections/metadata:main/items/50888422-84b7-11f0-8702-b72cd12597f0,"https://storage.googleapis.com/fao-gismgr-glosis-data/DATA/GLOSIS/MAP/GLOSIS.BT-GSNM-CAEXCSD-2024,tif",http://localhost:8082/?map=/etc/mapserver/BT-GSNM-CAEXCSD-2024-0-30.map&SERVICE=WMS&VERSION=1.3.0&REQUEST=GetMap&BBOX=26.7%2C88.7%2C28.2%2C92.1&CRS=EPSG%3A4326&WIDTH=1500&HEIGHT=689&LAYERS=BT-GSNM-CAEXCSD-2024-0-30&STYLES=&FORMAT=image%2Fpng&DPI=96&MAP_RESOLUTION=96&FORMAT_OPTIONS=dpi%3A96&TRANSPARENT=TRUE,http://localhost:8082/?map=/etc/mapserver/BT-GSNM-CAEXCSD-2024-0-30.map&SERVICE=WMS&VERSION=1.1.1&LAYER=BT-GSNM-CAEXCSD-2024-0-30&REQUEST=getlegendgraphic&FORMAT=image/png,http://localhost:8082/?map=/etc/mapserver/BT-GSNM-CAEXCSD-2024-0-30.map&SERVICE=WMS&VERSION=1.3.0&REQUEST=GetFeatureInfo&LAYERS=BT-GSNM-CAEXCSD-2024-0-30&STYLES=&FORMAT=image%2Fpng&QUERY_LAYERS=BT-GSNM-CAEXCSD-2024-0-30&INFO_FORMAT=text%2Fhtml&I=282&J=429
Global Soil Nutrients Map,BT-GSNM-CEC-2024-0-30,CEC,Cation exchange capacity,cmol/kg,0-30,http://localhost:8001/collections/metadata:main/items/508883ef-84b7-11f0-8702-b72cd12597f0,"https://storage.googleapis.com/fao-gismgr-glosis-data/DATA/GLOSIS/MAP/GLOSIS.BT-GSNM-CEC-2024,tif",http://localhost:8082/?map=/etc/mapserver/BT-GSNM-CEC-2024-0-30.map&SERVICE=WMS&VERSION=1.3.0&REQUEST=GetMap&BBOX=26.7%2C88.7%2C28.2%2C92.1&CRS=EPSG%3A4326&WIDTH=1500&HEIGHT=689&LAYERS=BT-GSNM-CEC-2024-0-30&STYLES=&FORMAT=image%2Fpng&DPI=96&MAP_RESOLUTION=96&FORMAT_OPTIONS=dpi%3A96&TRANSPARENT=TRUE,http://localhost:8082/?map=/etc/mapserver/BT-GSNM-CEC-2024-0-30.map&SERVICE=WMS&VERSION=1.1.1&LAYER=BT-GSNM-CEC-2024-0-30&REQUEST=getlegendgraphic&FORMAT=image/png,http://localhost:8082/?map=/etc/mapserver/BT-GSNM-CEC-2024-0-30.map&SERVICE=WMS&VERSION=1.3.0&REQUEST=GetFeatureInfo&LAYERS=BT-GSNM-CEC-2024-0-30&STYLES=&FORMAT=image%2Fpng&QUERY_LAYERS=BT-GSNM-CEC-2024-0-30&INFO_FORMAT=text%2Fhtml&I=282&J=429
Global Soil Nutrients Map,BT-GSNM-CECSD-2024-0-30,CECSD,Cation exchange capacity standard deviation,cmol/kg,0-30,http://localhost:8001/collections/metadata:main/items/508883ee-84b7-11f0-8702-b72cd12597f0,"https://storage.googleapis.com/fao-gismgr-glosis-data/DATA/GLOSIS/MAP/GLOSIS.BT-GSNM-CECSD-2024,tif",http://localhost:8082/?map=/etc/mapserver/BT-GSNM-CECSD-2024-0-30.map&SERVICE=WMS&VERSION=1.3.0&REQUEST=GetMap&BBOX=26.7%2C88.7%2C28.2%2C92.1&CRS=EPSG%3A4326&WIDTH=1500&HEIGHT=689&LAYERS=BT-GSNM-CECSD-2024-0-30&STYLES=&FORMAT=image%2Fpng&DPI=96&MAP_RESOLUTION=96&FORMAT_OPTIONS=dpi%3A96&TRANSPARENT=TRUE,http://localhost:8082/?map=/etc/mapserver/BT-GSNM-CECSD-2024-0-30.map&SERVICE=WMS&VERSION=1.1.1&LAYER=BT-GSNM-CECSD-2024-0-30&REQUEST=getlegendgraphic&FORMAT=image/png,http://localhost:8082/?map=/etc/mapserver/BT-GSNM-CECSD-2024-0-30.map&SERVICE=WMS&VERSION=1.3.0&REQUEST=GetFeatureInfo&LAYERS=BT-GSNM-CECSD-2024-0-30&STYLES=&FORMAT=image%2Fpng&QUERY_LAYERS=BT-GSNM-CECSD-2024-0-30&INFO_FORMAT=text%2Fhtml&I=282&J=429
Global Soil Nutrients Map,BT-GSNM-CFRAGF-2024-0-30,CFRAGF,Coarse fragments - field class,%,0-30,http://localhost:8001/collections/metadata:main/items/508883f4-84b7-11f0-8702-b72cd12597f0,"https://storage.googleapis.com/fao-gismgr-glosis-data/DATA/GLOSIS/MAP/GLOSIS.BT-GSNM-CFRAGF-2024,tif",http://localhost:8082/?map=/etc/mapserver/BT-GSNM-CFRAGF-2024-0-30.map&SERVICE=WMS&VERSION=1.3.0&REQUEST=GetMap&BBOX=26.7%2C88.7%2C28.2%2C92.1&CRS=EPSG%3A4326&WIDTH=1500&HEIGHT=689&LAYERS=BT-GSNM-CFRAGF-2024-0-30&STYLES=&FORMAT=image%2Fpng&DPI=96&MAP_RESOLUTION=96&FORMAT_OPTIONS=dpi%3A96&TRANSPARENT=TRUE,http://localhost:8082/?map=/etc/mapserver/BT-GSNM-CFRAGF-2024-0-30.map&SERVICE=WMS&VERSION=1.1.1&LAYER=BT-GSNM-CFRAGF-2024-0-30&REQUEST=getlegendgraphic&FORMAT=image/png,http://localhost:8082/?map=/etc/mapserver/BT-GSNM-CFRAGF-2024-0-30.map&SERVICE=WMS&VERSION=1.3.0&REQUEST=GetFeatureInfo&LAYERS=BT-GSNM-CFRAGF-2024-0-30&STYLES=&FORMAT=image%2Fpng&QUERY_LAYERS=BT-GSNM-CFRAGF-2024-0-30&INFO_FORMAT=text%2Fhtml&I=282&J=429
Global Soil Nutrients Map,BT-GSNM-CFRAGFSD-2024-0-30,CFRAGFSD,Coarse fragments - field class standard deviation,%,0-30,http://localhost:8001/collections/metadata:main/items/50888423-84b7-11f0-8702-b72cd12597f0,"https://storage.googleapis.com/fao-gismgr-glosis-data/DATA/GLOSIS/MAP/GLOSIS.BT-GSNM-CFRAGFSD-2024,tif",http://localhost:8082/?map=/etc/mapserver/BT-GSNM-CFRAGFSD-2024-0-30.map&SERVICE=WMS&VERSION=1.3.0&REQUEST=GetMap&BBOX=26.7%2C88.7%2C28.2%2C92.1&CRS=EPSG%3A4326&WIDTH=1500&HEIGHT=689&LAYERS=BT-GSNM-CFRAGFSD-2024-0-30&STYLES=&FORMAT=image%2Fpng&DPI=96&MAP_RESOLUTION=96&FORMAT_OPTIONS=dpi%3A96&TRANSPARENT=TRUE,http://localhost:8082/?map=/etc/mapserver/BT-GSNM-CFRAGFSD-2024-0-30.map&SERVICE=WMS&VERSION=1.1.1&LAYER=BT-GSNM-CFRAGFSD-2024-0-30&REQUEST=getlegendgraphic&FORMAT=image/png,http://localhost:8082/?map=/etc/mapserver/BT-GSNM-CFRAGFSD-2024-0-30.map&SERVICE=WMS&VERSION=1.3.0&REQUEST=GetFeatureInfo&LAYERS=BT-GSNM-CFRAGFSD-2024-0-30&STYLES=&FORMAT=image%2Fpng&QUERY_LAYERS=BT-GSNM-CFRAGFSD-2024-0-30&INFO_FORMAT=text%2Fhtml&I=282&J=429
Global Soil Nutrients Map,BT-GSNM-CLAY-2024-0-30,CLAY,Clay texture fraction,%,0-30,http://localhost:8001/collections/metadata:main/items/508883fb-84b7-11f0-8702-b72cd12597f0,"https://storage.googleapis.com/fao-gismgr-glosis-data/DATA/GLOSIS/MAP/GLOSIS.BT-GSNM-CLAY-2024,tif",http://localhost:8082/?map=/etc/mapserver/BT-GSNM-CLAY-2024-0-30.map&SERVICE=WMS&VERSION=1.3.0&REQUEST=GetMap&BBOX=26.7%2C88.7%2C28.2%2C92.1&CRS=EPSG%3A4326&WIDTH=1500&HEIGHT=689&LAYERS=BT-GSNM-CLAY-2024-0-30&STYLES=&FORMAT=image%2Fpng&DPI=96&MAP_RESOLUTION=96&FORMAT_OPTIONS=dpi%3A96&TRANSPARENT=TRUE,http://localhost:8082/?map=/etc/mapserver/BT-GSNM-CLAY-2024-0-30.map&SERVICE=WMS&VERSION=1.1.1&LAYER=BT-GSNM-CLAY-2024-0-30&REQUEST=getlegendgraphic&FORMAT=image/png,http://localhost:8082/?map=/etc/mapserver/BT-GSNM-CLAY-2024-0-30.map&SERVICE=WMS&VERSION=1.3.0&REQUEST=GetFeatureInfo&LAYERS=BT-GSNM-CLAY-2024-0-30&STYLES=&FORMAT=image%2Fpng&QUERY_LAYERS=BT-GSNM-CLAY-2024-0-30&INFO_FORMAT=text%2Fhtml&I=282&J=429
Global Soil Nutrients Map,BT-GSNM-CLAYSD-2024-0-30,CLAYSD,Clay texture fraction standard deviation,%,0-30,http://localhost:8001/collections/metadata:main/items/50888411-84b7-11f0-8702-b72cd12597f0,"https://storage.googleapis.com/fao-gismgr-glosis-data/DATA/GLOSIS/MAP/GLOSIS.BT-GSNM-CLAYSD-2024,tif",http://localhost:8082/?map=/etc/mapserver/BT-GSNM-CLAYSD-2024-0-30.map&SERVICE=WMS&VERSION=1.3.0&REQUEST=GetMap&BBOX=26.7%2C88.7%2C28.2%2C92.1&CRS=EPSG%3A4326&WIDTH=1500&HEIGHT=689&LAYERS=BT-GSNM-CLAYSD-2024-0-30&STYLES=&FORMAT=image%2Fpng&DPI=96&MAP_RESOLUTION=96&FORMAT_OPTIONS=dpi%3A96&TRANSPARENT=TRUE,http://localhost:8082/?map=/etc/mapserver/BT-GSNM-CLAYSD-2024-0-30.map&SERVICE=WMS&VERSION=1.1.1&LAYER=BT-GSNM-CLAYSD-2024-0-30&REQUEST=getlegendgraphic&FORMAT=image/png,http://localhost:8082/?map=/etc/mapserver/BT-GSNM-CLAYSD-2024-0-30.map&SERVICE=WMS&VERSION=1.3.0&REQUEST=GetFeatureInfo&LAYERS=BT-GSNM-CLAYSD-2024-0-30&STYLES=&FORMAT=image%2Fpng&QUERY_LAYERS=BT-GSNM-CLAYSD-2024-0-30&INFO_FORMAT=text%2Fhtml&I=282&J=429
Global Soil Nutrients Map,BT-GSNM-CNRAT-2024-0-30,CNRAT,Carbon/Nitrogen (C/N) ratio,dimensionless,0-30,http://localhost:8001/collections/metadata:main/items/508883f1-84b7-11f0-8702-b72cd12597f0,"https://storage.googleapis.com/fao-gismgr-glosis-data/DATA/GLOSIS/MAP/GLOSIS.BT-GSNM-CNRAT-2024,tif",http://localhost:8082/?map=/etc/mapserver/BT-GSNM-CNRAT-2024-0-30.map&SERVICE=WMS&VERSION=1.3.0&REQUEST=GetMap&BBOX=26.7%2C88.7%2C28.2%2C92.1&CRS=EPSG%3A4326&WIDTH=1500&HEIGHT=689&LAYERS=BT-GSNM-CNRAT-2024-0-30&STYLES=&FORMAT=image%2Fpng&DPI=96&MAP_RESOLUTION=96&FORMAT_OPTIONS=dpi%3A96&TRANSPARENT=TRUE,http://localhost:8082/?map=/etc/mapserver/BT-GSNM-CNRAT-2024-0-30.map&SERVICE=WMS&VERSION=1.1.1&LAYER=BT-GSNM-CNRAT-2024-0-30&REQUEST=getlegendgraphic&FORMAT=image/png,http://localhost:8082/?map=/etc/mapserver/BT-GSNM-CNRAT-2024-0-30.map&SERVICE=WMS&VERSION=1.3.0&REQUEST=GetFeatureInfo&LAYERS=BT-GSNM-CNRAT-2024-0-30&STYLES=&FORMAT=image%2Fpng&QUERY_LAYERS=BT-GSNM-CNRAT-2024-0-30&INFO_FORMAT=text%2Fhtml&I=282&J=429
Global Soil Nutrients Map,BT-GSNM-CNRATSD-2024-0-30,CNRATSD,Carbon/Nitrogen (C/N) ratio standard deviation,dimensionless,0-30,http://localhost:8001/collections/metadata:main/items/5088840c-84b7-11f0-8702-b72cd12597f0,"https://storage.googleapis.com/fao-gismgr-glosis-data/DATA/GLOSIS/MAP/GLOSIS.BT-GSNM-CNRATSD-2024,tif",http://localhost:8082/?map=/etc/mapserver/BT-GSNM-CNRATSD-2024-0-30.map&SERVICE=WMS&VERSION=1.3.0&REQUEST=GetMap&BBOX=26.7%2C88.7%2C28.2%2C92.1&CRS=EPSG%3A4326&WIDTH=1500&HEIGHT=689&LAYERS=BT-GSNM-CNRATSD-2024-0-30&STYLES=&FORMAT=image%2Fpng&DPI=96&MAP_RESOLUTION=96&FORMAT_OPTIONS=dpi%3A96&TRANSPARENT=TRUE,http://localhost:8082/?map=/etc/mapserver/BT-GSNM-CNRATSD-2024-0-30.map&SERVICE=WMS&VERSION=1.1.1&LAYER=BT-GSNM-CNRATSD-2024-0-30&REQUEST=getlegendgraphic&FORMAT=image/png,http://localhost:8082/?map=/etc/mapserver/BT-GSNM-CNRATSD-2024-0-30.map&SERVICE=WMS&VERSION=1.3.0&REQUEST=GetFeatureInfo&LAYERS=BT-GSNM-CNRATSD-2024-0-30&STYLES=&FORMAT=image%2Fpng&QUERY_LAYERS=BT-GSNM-CNRATSD-2024-0-30&INFO_FORMAT=text%2Fhtml&I=282&J=429
Global Soil Nutrients Map,BT-GSNM-CORG-2024-0-30,CORG,Carbon (C) - organic,%,0-30,http://localhost:8001/collections/metadata:main/items/50888414-84b7-11f0-8702-b72cd12597f0,"https://storage.googleapis.com/fao-gismgr-glosis-data/DATA/GLOSIS/MAP/GLOSIS.BT-GSNM-CORG-2024,tif",http://localhost:8082/?map=/etc/mapserver/BT-GSNM-CORG-2024-0-30.map&SERVICE=WMS&VERSION=1.3.0&REQUEST=GetMap&BBOX=26.7%2C88.7%2C28.2%2C92.1&CRS=EPSG%3A4326&WIDTH=1500&HEIGHT=689&LAYERS=BT-GSNM-CORG-2024-0-30&STYLES=&FORMAT=image%2Fpng&DPI=96&MAP_RESOLUTION=96&FORMAT_OPTIONS=dpi%3A96&TRANSPARENT=TRUE,http://localhost:8082/?map=/etc/mapserver/BT-GSNM-CORG-2024-0-30.map&SERVICE=WMS&VERSION=1.1.1&LAYER=BT-GSNM-CORG-2024-0-30&REQUEST=getlegendgraphic&FORMAT=image/png,http://localhost:8082/?map=/etc/mapserver/BT-GSNM-CORG-2024-0-30.map&SERVICE=WMS&VERSION=1.3.0&REQUEST=GetFeatureInfo&LAYERS=BT-GSNM-CORG-2024-0-30&STYLES=&FORMAT=image%2Fpng&QUERY_LAYERS=BT-GSNM-CORG-2024-0-30&INFO_FORMAT=text%2Fhtml&I=282&J=429
Global Soil Nutrients Map,BT-GSNM-CORGSD-2024-0-30,CORGSD,Carbon (C) - organic standard deviation,%,0-30,http://localhost:8001/collections/metadata:main/items/508883f6-84b7-11f0-8702-b72cd12597f0,"https://storage.googleapis.com/fao-gismgr-glosis-data/DATA/GLOSIS/MAP/GLOSIS.BT-GSNM-CORGSD-2024,tif",http://localhost:8082/?map=/etc/mapserver/BT-GSNM-CORGSD-2024-0-30.map&SERVICE=WMS&VERSION=1.3.0&REQUEST=GetMap&BBOX=26.7%2C88.7%2C28.2%2C92.1&CRS=EPSG%3A4326&WIDTH=1500&HEIGHT=689&LAYERS=BT-GSNM-CORGSD-2024-0-30&STYLES=&FORMAT=image%2Fpng&DPI=96&MAP_RESOLUTION=96&FORMAT_OPTIONS=dpi%3A96&TRANSPARENT=TRUE,http://localhost:8082/?map=/etc/mapserver/BT-GSNM-CORGSD-2024-0-30.map&SERVICE=WMS&VERSION=1.1.1&LAYER=BT-GSNM-CORGSD-2024-0-30&REQUEST=getlegendgraphic&FORMAT=image/png,http://localhost:8082/?map=/etc/mapserver/BT-GSNM-CORGSD-2024-0-30.map&SERVICE=WMS&VERSION=1.3.0&REQUEST=GetFeatureInfo&LAYERS=BT-GSNM-CORGSD-2024-0-30&STYLES=&FORMAT=image%2Fpng&QUERY_LAYERS=BT-GSNM-CORGSD-2024-0-30&INFO_FORMAT=text%2Fhtml&I=282&J=429
Global Soil Nutrients Map,BT-GSNM-KEXC-2024-0-30,KEXC,Potassium (K+) - exchangeable,cmol/kg,0-30,http://localhost:8001/collections/metadata:main/items/5088840d-84b7-11f0-8702-b72cd12597f0,"https://storage.googleapis.com/fao-gismgr-glosis-data/DATA/GLOSIS/MAP/GLOSIS.BT-GSNM-KEXC-2024,tif",http://localhost:8082/?map=/etc/mapserver/BT-GSNM-KEXC-2024-0-30.map&SERVICE=WMS&VERSION=1.3.0&REQUEST=GetMap&BBOX=26.7%2C88.7%2C28.2%2C92.1&CRS=EPSG%3A4326&WIDTH=1500&HEIGHT=689&LAYERS=BT-GSNM-KEXC-2024-0-30&STYLES=&FORMAT=image%2Fpng&DPI=96&MAP_RESOLUTION=96&FORMAT_OPTIONS=dpi%3A96&TRANSPARENT=TRUE,http://localhost:8082/?map=/etc/mapserver/BT-GSNM-KEXC-2024-0-30.map&SERVICE=WMS&VERSION=1.1.1&LAYER=BT-GSNM-KEXC-2024-0-30&REQUEST=getlegendgraphic&FORMAT=image/png,http://localhost:8082/?map=/etc/mapserver/BT-GSNM-KEXC-2024-0-30.map&SERVICE=WMS&VERSION=1.3.0&REQUEST=GetFeatureInfo&LAYERS=BT-GSNM-KEXC-2024-0-30&STYLES=&FORMAT=image%2Fpng&QUERY_LAYERS=BT-GSNM-KEXC-2024-0-30&INFO_FORMAT=text%2Fhtml&I=282&J=429
Global Soil Nutrients Map,BT-GSNM-KEXCSD-2024-0-30,KEXCSD,Potassium (K+) - exchangeable standard deviation,cmol/kg,0-30,http://localhost:8001/collections/metadata:main/items/508883f7-84b7-11f0-8702-b72cd12597f0,"https://storage.googleapis.com/fao-gismgr-glosis-data/DATA/GLOSIS/MAP/GLOSIS.BT-GSNM-KEXCSD-2024,tif",http://localhost:8082/?map=/etc/mapserver/BT-GSNM-KEXCSD-2024-0-30.map&SERVICE=WMS&VERSION=1.3.0&REQUEST=GetMap&BBOX=26.7%2C88.7%2C28.2%2C92.1&CRS=EPSG%3A4326&WIDTH=1500&HEIGHT=689&LAYERS=BT-GSNM-KEXCSD-2024-0-30&STYLES=&FORMAT=image%2Fpng&DPI=96&MAP_RESOLUTION=96&FORMAT_OPTIONS=dpi%3A96&TRANSPARENT=TRUE,http://localhost:8082/?map=/etc/mapserver/BT-GSNM-KEXCSD-2024-0-30.map&SERVICE=WMS&VERSION=1.1.1&LAYER=BT-GSNM-KEXCSD-2024-0-30&REQUEST=getlegendgraphic&FORMAT=image/png,http://localhost:8082/?map=/etc/mapserver/BT-GSNM-KEXCSD-2024-0-30.map&SERVICE=WMS&VERSION=1.3.0&REQUEST=GetFeatureInfo&LAYERS=BT-GSNM-KEXCSD-2024-0-30&STYLES=&FORMAT=image%2Fpng&QUERY_LAYERS=BT-GSNM-KEXCSD-2024-0-30&INFO_FORMAT=text%2Fhtml&I=282&J=429
Global Soil Nutrients Map,BT-GSNM-KXX-2024-0-30,KXX,Potassium (K),mg/kg,0-30,http://localhost:8001/collections/metadata:main/items/508883f8-84b7-11f0-8702-b72cd12597f0,"https://storage.googleapis.com/fao-gismgr-glosis-data/DATA/GLOSIS/MAP/GLOSIS.BT-GSNM-KXX-2024,tif",http://localhost:8082/?map=/etc/mapserver/BT-GSNM-KXX-2024-0-30.map&SERVICE=WMS&VERSION=1.3.0&REQUEST=GetMap&BBOX=26.7%2C88.7%2C28.2%2C92.1&CRS=EPSG%3A4326&WIDTH=1500&HEIGHT=689&LAYERS=BT-GSNM-KXX-2024-0-30&STYLES=&FORMAT=image%2Fpng&DPI=96&MAP_RESOLUTION=96&FORMAT_OPTIONS=dpi%3A96&TRANSPARENT=TRUE,http://localhost:8082/?map=/etc/mapserver/BT-GSNM-KXX-2024-0-30.map&SERVICE=WMS&VERSION=1.1.1&LAYER=BT-GSNM-KXX-2024-0-30&REQUEST=getlegendgraphic&FORMAT=image/png,http://localhost:8082/?map=/etc/mapserver/BT-GSNM-KXX-2024-0-30.map&SERVICE=WMS&VERSION=1.3.0&REQUEST=GetFeatureInfo&LAYERS=BT-GSNM-KXX-2024-0-30&STYLES=&FORMAT=image%2Fpng&QUERY_LAYERS=BT-GSNM-KXX-2024-0-30&INFO_FORMAT=text%2Fhtml&I=282&J=429
Global Soil Nutrients Map,BT-GSNM-KXXSD-2024-0-30,KXXSD,Potassium (K) standard deviation,mg/kg,0-30,http://localhost:8001/collections/metadata:main/items/5088841f-84b7-11f0-8702-b72cd12597f0,"https://storage.googleapis.com/fao-gismgr-glosis-data/DATA/GLOSIS/MAP/GLOSIS.BT-GSNM-KXXSD-2024,tif",http://localhost:8082/?map=/etc/mapserver/BT-GSNM-KXXSD-2024-0-30.map&SERVICE=WMS&VERSION=1.3.0&REQUEST=GetMap&BBOX=26.7%2C88.7%2C28.2%2C92.1&CRS=EPSG%3A4326&WIDTH=1500&HEIGHT=689&LAYERS=BT-GSNM-KXXSD-2024-0-30&STYLES=&FORMAT=image%2Fpng&DPI=96&MAP_RESOLUTION=96&FORMAT_OPTIONS=dpi%3A96&TRANSPARENT=TRUE,http://localhost:8082/?map=/etc/mapserver/BT-GSNM-KXXSD-2024-0-30.map&SERVICE=WMS&VERSION=1.1.1&LAYER=BT-GSNM-KXXSD-2024-0-30&REQUEST=getlegendgraphic&FORMAT=image/png,http://localhost:8082/?map=/etc/mapserver/BT-GSNM-KXXSD-2024-0-30.map&SERVICE=WMS&VERSION=1.3.0&REQUEST=GetFeatureInfo&LAYERS=BT-GSNM-KXXSD-2024-0-30&STYLES=&FORMAT=image%2Fpng&QUERY_LAYERS=BT-GSNM-KXXSD-2024-0-30&INFO_FORMAT=text%2Fhtml&I=282&J=429
Global Soil Nutrients Map,BT-GSNM-MGEXC-2024-0-30,MGEXC,Magnesium (Mg++) - exchangeable,cmol/kg,0-30,http://localhost:8001/collections/metadata:main/items/508883f3-84b7-11f0-8702-b72cd12597f0,"https://storage.googleapis.com/fao-gismgr-glosis-data/DATA/GLOSIS/MAP/GLOSIS.BT-GSNM-MGEXC-2024,tif",http://localhost:8082/?map=/etc/mapserver/BT-GSNM-MGEXC-2024-0-30.map&SERVICE=WMS&VERSION=1.3.0&REQUEST=GetMap&BBOX=26.7%2C88.7%2C28.2%2C92.1&CRS=EPSG%3A4326&WIDTH=1500&HEIGHT=689&LAYERS=BT-GSNM-MGEXC-2024-0-30&STYLES=&FORMAT=image%2Fpng&DPI=96&MAP_RESOLUTION=96&FORMAT_OPTIONS=dpi%3A96&TRANSPARENT=TRUE,http://localhost:8082/?map=/etc/mapserver/BT-GSNM-MGEXC-2024-0-30.map&SERVICE=WMS&VERSION=1.1.1&LAYER=BT-GSNM-MGEXC-2024-0-30&REQUEST=getlegendgraphic&FORMAT=image/png,http://localhost:8082/?map=/etc/mapserver/BT-GSNM-MGEXC-2024-0-30.map&SERVICE=WMS&VERSION=1.3.0&REQUEST=GetFeatureInfo&LAYERS=BT-GSNM-MGEXC-2024-0-30&STYLES=&FORMAT=image%2Fpng&QUERY_LAYERS=BT-GSNM-MGEXC-2024-0-30&INFO_FORMAT=text%2Fhtml&I=282&J=429
Global Soil Nutrients Map,BT-GSNM-MGEXCSD-2024-0-30,MGEXCSD,Magnesium (Mg++) - exchangeable standard deviation,cmol/kg,0-30,http://localhost:8001/collections/metadata:main/items/50888420-84b7-11f0-8702-b72cd12597f0,"https://storage.googleapis.com/fao-gismgr-glosis-data/DATA/GLOSIS/MAP/GLOSIS.BT-GSNM-MGEXCSD-2024,tif",http://localhost:8082/?map=/etc/mapserver/BT-GSNM-MGEXCSD-2024-0-30.map&SERVICE=WMS&VERSION=1.3.0&REQUEST=GetMap&BBOX=26.7%2C88.7%2C28.2%2C92.1&CRS=EPSG%3A4326&WIDTH=1500&HEIGHT=689&LAYERS=BT-GSNM-MGEXCSD-2024-0-30&STYLES=&FORMAT=image%2Fpng&DPI=96&MAP_RESOLUTION=96&FORMAT_OPTIONS=dpi%3A96&TRANSPARENT=TRUE,http://localhost:8082/?map=/etc/mapserver/BT-GSNM-MGEXCSD-2024-0-30.map&SERVICE=WMS&VERSION=1.1.1&LAYER=BT-GSNM-MGEXCSD-2024-0-30&REQUEST=getlegendgraphic&FORMAT=image/png,http://localhost:8082/?map=/etc/mapserver/BT-GSNM-MGEXCSD-2024-0-30.map&SERVICE=WMS&VERSION=1.3.0&REQUEST=GetFeatureInfo&LAYERS=BT-GSNM-MGEXCSD-2024-0-30&STYLES=&FORMAT=image%2Fpng&QUERY_LAYERS=BT-GSNM-MGEXCSD-2024-0-30&INFO_FORMAT=text%2Fhtml&I=282&J=429
Global Soil Nutrients Map,BT-GSNM-NAEXC-2024-0-30,NAEXC,Sodium (Na+) - exchangeable,%,0-30,http://localhost:8001/collections/metadata:main/items/50888401-84b7-11f0-8702-b72cd12597f0,"https://storage.googleapis.com/fao-gismgr-glosis-data/DATA/GLOSIS/MAP/GLOSIS.BT-GSNM-NAEXC-2024,tif",http://localhost:8082/?map=/etc/mapserver/BT-GSNM-NAEXC-2024-0-30.map&SERVICE=WMS&VERSION=1.3.0&REQUEST=GetMap&BBOX=26.7%2C88.7%2C28.2%2C92.1&CRS=EPSG%3A4326&WIDTH=1500&HEIGHT=689&LAYERS=BT-GSNM-NAEXC-2024-0-30&STYLES=&FORMAT=image%2Fpng&DPI=96&MAP_RESOLUTION=96&FORMAT_OPTIONS=dpi%3A96&TRANSPARENT=TRUE,http://localhost:8082/?map=/etc/mapserver/BT-GSNM-NAEXC-2024-0-30.map&SERVICE=WMS&VERSION=1.1.1&LAYER=BT-GSNM-NAEXC-2024-0-30&REQUEST=getlegendgraphic&FORMAT=image/png,http://localhost:8082/?map=/etc/mapserver/BT-GSNM-NAEXC-2024-0-30.map&SERVICE=WMS&VERSION=1.3.0&REQUEST=GetFeatureInfo&LAYERS=BT-GSNM-NAEXC-2024-0-30&STYLES=&FORMAT=image%2Fpng&QUERY_LAYERS=BT-GSNM-NAEXC-2024-0-30&INFO_FORMAT=text%2Fhtml&I=282&J=429
Global Soil Nutrients Map,BT-GSNM-NAEXCSD-2024-0-30,NAEXCSD,Sodium (Na+) - exchangeable standard deviation,%,0-30,http://localhost:8001/collections/metadata:main/items/5088840a-84b7-11f0-8702-b72cd12597f0,"https://storage.googleapis.com/fao-gismgr-glosis-data/DATA/GLOSIS/MAP/GLOSIS.BT-GSNM-NAEXCSD-2024,tif",http://localhost:8082/?map=/etc/mapserver/BT-GSNM-NAEXCSD-2024-0-30.map&SERVICE=WMS&VERSION=1.3.0&REQUEST=GetMap&BBOX=26.7%2C88.7%2C28.2%2C92.1&CRS=EPSG%3A4326&WIDTH=1500&HEIGHT=689&LAYERS=BT-GSNM-NAEXCSD-2024-0-30&STYLES=&FORMAT=image%2Fpng&DPI=96&MAP_RESOLUTION=96&FORMAT_OPTIONS=dpi%3A96&TRANSPARENT=TRUE,http://localhost:8082/?map=/etc/mapserver/BT-GSNM-NAEXCSD-2024-0-30.map&SERVICE=WMS&VERSION=1.1.1&LAYER=BT-GSNM-NAEXCSD-2024-0-30&REQUEST=getlegendgraphic&FORMAT=image/png,http://localhost:8082/?map=/etc/mapserver/BT-GSNM-NAEXCSD-2024-0-30.map&SERVICE=WMS&VERSION=1.3.0&REQUEST=GetFeatureInfo&LAYERS=BT-GSNM-NAEXCSD-2024-0-30&STYLES=&FORMAT=image%2Fpng&QUERY_LAYERS=BT-GSNM-NAEXCSD-2024-0-30&INFO_FORMAT=text%2Fhtml&I=282&J=429
Global Soil Nutrients Map,BT-GSNM-NTOT-2024-0-30,NTOT,Nitrogen (N) - total,%,0-30,http://localhost:8001/collections/metadata:main/items/50888419-84b7-11f0-8702-b72cd12597f0,"https://storage.googleapis.com/fao-gismgr-glosis-data/DATA/GLOSIS/MAP/GLOSIS.BT-GSNM-NTOT-2024,tif",http://localhost:8082/?map=/etc/mapserver/BT-GSNM-NTOT-2024-0-30.map&SERVICE=WMS&VERSION=1.3.0&REQUEST=GetMap&BBOX=26.7%2C88.7%2C28.2%2C92.1&CRS=EPSG%3A4326&WIDTH=1500&HEIGHT=689&LAYERS=BT-GSNM-NTOT-2024-0-30&STYLES=&FORMAT=image%2Fpng&DPI=96&MAP_RESOLUTION=96&FORMAT_OPTIONS=dpi%3A96&TRANSPARENT=TRUE,http://localhost:8082/?map=/etc/mapserver/BT-GSNM-NTOT-2024-0-30.map&SERVICE=WMS&VERSION=1.1.1&LAYER=BT-GSNM-NTOT-2024-0-30&REQUEST=getlegendgraphic&FORMAT=image/png,http://localhost:8082/?map=/etc/mapserver/BT-GSNM-NTOT-2024-0-30.map&SERVICE=WMS&VERSION=1.3.0&REQUEST=GetFeatureInfo&LAYERS=BT-GSNM-NTOT-2024-0-30&STYLES=&FORMAT=image%2Fpng&QUERY_LAYERS=BT-GSNM-NTOT-2024-0-30&INFO_FORMAT=text%2Fhtml&I=282&J=429
Global Soil Nutrients Map,BT-GSNM-NTOTSD-2024-0-30,NTOTSD,Nitrogen (N) - total standard deviation,%,0-30,http://localhost:8001/collections/metadata:main/items/508883e8-84b7-11f0-8702-b72cd12597f0,"https://storage.googleapis.com/fao-gismgr-glosis-data/DATA/GLOSIS/MAP/GLOSIS.BT-GSNM-NTOTSD-2024,tif",http://localhost:8082/?map=/etc/mapserver/BT-GSNM-NTOTSD-2024-0-30.map&SERVICE=WMS&VERSION=1.3.0&REQUEST=GetMap&BBOX=26.7%2C88.7%2C28.2%2C92.1&CRS=EPSG%3A4326&WIDTH=1500&HEIGHT=689&LAYERS=BT-GSNM-NTOTSD-2024-0-30&STYLES=&FORMAT=image%2Fpng&DPI=96&MAP_RESOLUTION=96&FORMAT_OPTIONS=dpi%3A96&TRANSPARENT=TRUE,http://localhost:8082/?map=/etc/mapserver/BT-GSNM-NTOTSD-2024-0-30.map&SERVICE=WMS&VERSION=1.1.1&LAYER=BT-GSNM-NTOTSD-2024-0-30&REQUEST=getlegendgraphic&FORMAT=image/png,http://localhost:8082/?map=/etc/mapserver/BT-GSNM-NTOTSD-2024-0-30.map&SERVICE=WMS&VERSION=1.3.0&REQUEST=GetFeatureInfo&LAYERS=BT-GSNM-NTOTSD-2024-0-30&STYLES=&FORMAT=image%2Fpng&QUERY_LAYERS=BT-GSNM-NTOTSD-2024-0-30&INFO_FORMAT=text%2Fhtml&I=282&J=429
Global Soil Nutrients Map,BT-GSNM-PHAQ-2024-0-30,PHAQ,pH - Hydrogen potential in water,pH,0-30,http://localhost:8001/collections/metadata:main/items/50888403-84b7-11f0-8702-b72cd12597f0,"https://storage.googleapis.com/fao-gismgr-glosis-data/DATA/GLOSIS/MAP/GLOSIS.BT-GSNM-PHAQ-2024,tif",http://localhost:8082/?map=/etc/mapserver/BT-GSNM-PHAQ-2024-0-30.map&SERVICE=WMS&VERSION=1.3.0&REQUEST=GetMap&BBOX=26.7%2C88.7%2C28.2%2C92.1&CRS=EPSG%3A4326&WIDTH=1500&HEIGHT=689&LAYERS=BT-GSNM-PHAQ-2024-0-30&STYLES=&FORMAT=image%2Fpng&DPI=96&MAP_RESOLUTION=96&FORMAT_OPTIONS=dpi%3A96&TRANSPARENT=TRUE,http://localhost:8082/?map=/etc/mapserver/BT-GSNM-PHAQ-2024-0-30.map&SERVICE=WMS&VERSION=1.1.1&LAYER=BT-GSNM-PHAQ-2024-0-30&REQUEST=getlegendgraphic&FORMAT=image/png,http://localhost:8082/?map=/etc/mapserver/BT-GSNM-PHAQ-2024-0-30.map&SERVICE=WMS&VERSION=1.3.0&REQUEST=GetFeatureInfo&LAYERS=BT-GSNM-PHAQ-2024-0-30&STYLES=&FORMAT=image%2Fpng&QUERY_LAYERS=BT-GSNM-PHAQ-2024-0-30&INFO_FORMAT=text%2Fhtml&I=282&J=429
Global Soil Nutrients Map,BT-GSNM-PHAQSD-2024-0-30,PHAQSD,pH - Hydrogen potential in water standard deviation,pH,0-30,http://localhost:8001/collections/metadata:main/items/50888407-84b7-11f0-8702-b72cd12597f0,"https://storage.googleapis.com/fao-gismgr-glosis-data/DATA/GLOSIS/MAP/GLOSIS.BT-GSNM-PHAQSD-2024,tif",http://localhost:8082/?map=/etc/mapserver/BT-GSNM-PHAQSD-2024-0-30.map&SERVICE=WMS&VERSION=1.3.0&REQUEST=GetMap&BBOX=26.7%2C88.7%2C28.2%2C92.1&CRS=EPSG%3A4326&WIDTH=1500&HEIGHT=689&LAYERS=BT-GSNM-PHAQSD-2024-0-30&STYLES=&FORMAT=image%2Fpng&DPI=96&MAP_RESOLUTION=96&FORMAT_OPTIONS=dpi%3A96&TRANSPARENT=TRUE,http://localhost:8082/?map=/etc/mapserver/BT-GSNM-PHAQSD-2024-0-30.map&SERVICE=WMS&VERSION=1.1.1&LAYER=BT-GSNM-PHAQSD-2024-0-30&REQUEST=getlegendgraphic&FORMAT=image/png,http://localhost:8082/?map=/etc/mapserver/BT-GSNM-PHAQSD-2024-0-30.map&SERVICE=WMS&VERSION=1.3.0&REQUEST=GetFeatureInfo&LAYERS=BT-GSNM-PHAQSD-2024-0-30&STYLES=&FORMAT=image%2Fpng&QUERY_LAYERS=BT-GSNM-PHAQSD-2024-0-30&INFO_FORMAT=text%2Fhtml&I=282&J=429
Global Soil Nutrients Map,BT-GSNM-PXX-2024-0-30,PXX,Phosphorus (P),mg/kg,0-30,http://localhost:8001/collections/metadata:main/items/508883fc-84b7-11f0-8702-b72cd12597f0,"https://storage.googleapis.com/fao-gismgr-glosis-data/DATA/GLOSIS/MAP/GLOSIS.BT-GSNM-PXX-2024,tif",http://localhost:8082/?map=/etc/mapserver/BT-GSNM-PXX-2024-0-30.map&SERVICE=WMS&VERSION=1.3.0&REQUEST=GetMap&BBOX=26.7%2C88.7%2C28.2%2C92.1&CRS=EPSG%3A4326&WIDTH=1500&HEIGHT=689&LAYERS=BT-GSNM-PXX-2024-0-30&STYLES=&FORMAT=image%2Fpng&DPI=96&MAP_RESOLUTION=96&FORMAT_OPTIONS=dpi%3A96&TRANSPARENT=TRUE,http://localhost:8082/?map=/etc/mapserver/BT-GSNM-PXX-2024-0-30.map&SERVICE=WMS&VERSION=1.1.1&LAYER=BT-GSNM-PXX-2024-0-30&REQUEST=getlegendgraphic&FORMAT=image/png,http://localhost:8082/?map=/etc/mapserver/BT-GSNM-PXX-2024-0-30.map&SERVICE=WMS&VERSION=1.3.0&REQUEST=GetFeatureInfo&LAYERS=BT-GSNM-PXX-2024-0-30&STYLES=&FORMAT=image%2Fpng&QUERY_LAYERS=BT-GSNM-PXX-2024-0-30&INFO_FORMAT=text%2Fhtml&I=282&J=429
Global Soil Nutrients Map,BT-GSNM-PXXSD-2024-0-30,PXXSD,Phosphorus (P) standard deviation,mg/kg,0-30,http://localhost:8001/collections/metadata:main/items/50888410-84b7-11f0-8702-b72cd12597f0,"https://storage.googleapis.com/fao-gismgr-glosis-data/DATA/GLOSIS/MAP/GLOSIS.BT-GSNM-PXXSD-2024,tif",http://localhost:8082/?map=/etc/mapserver/BT-GSNM-PXXSD-2024-0-30.map&SERVICE=WMS&VERSION=1.3.0&REQUEST=GetMap&BBOX=26.7%2C88.7%2C28.2%2C92.1&CRS=EPSG%3A4326&WIDTH=1500&HEIGHT=689&LAYERS=BT-GSNM-PXXSD-2024-0-30&STYLES=&FORMAT=image%2Fpng&DPI=96&MAP_RESOLUTION=96&FORMAT_OPTIONS=dpi%3A96&TRANSPARENT=TRUE,http://localhost:8082/?map=/etc/mapserver/BT-GSNM-PXXSD-2024-0-30.map&SERVICE=WMS&VERSION=1.1.1&LAYER=BT-GSNM-PXXSD-2024-0-30&REQUEST=getlegendgraphic&FORMAT=image/png,http://localhost:8082/?map=/etc/mapserver/BT-GSNM-PXXSD-2024-0-30.map&SERVICE=WMS&VERSION=1.3.0&REQUEST=GetFeatureInfo&LAYERS=BT-GSNM-PXXSD-2024-0-30&STYLES=&FORMAT=image%2Fpng&QUERY_LAYERS=BT-GSNM-PXXSD-2024-0-30&INFO_FORMAT=text%2Fhtml&I=282&J=429
Global Soil Nutrients Map,BT-GSNM-SAND-2024-0-30,SAND,Sand texture fraction,%,0-30,http://localhost:8001/collections/metadata:main/items/508883fa-84b7-11f0-8702-b72cd12597f0,"https://storage.googleapis.com/fao-gismgr-glosis-data/DATA/GLOSIS/MAP/GLOSIS.BT-GSNM-SAND-2024,tif",http://localhost:8082/?map=/etc/mapserver/BT-GSNM-SAND-2024-0-30.map&SERVICE=WMS&VERSION=1.3.0&REQUEST=GetMap&BBOX=26.7%2C88.7%2C28.2%2C92.1&CRS=EPSG%3A4326&WIDTH=1500&HEIGHT=689&LAYERS=BT-GSNM-SAND-2024-0-30&STYLES=&FORMAT=image%2Fpng&DPI=96&MAP_RESOLUTION=96&FORMAT_OPTIONS=dpi%3A96&TRANSPARENT=TRUE,http://localhost:8082/?map=/etc/mapserver/BT-GSNM-SAND-2024-0-30.map&SERVICE=WMS&VERSION=1.1.1&LAYER=BT-GSNM-SAND-2024-0-30&REQUEST=getlegendgraphic&FORMAT=image/png,http://localhost:8082/?map=/etc/mapserver/BT-GSNM-SAND-2024-0-30.map&SERVICE=WMS&VERSION=1.3.0&REQUEST=GetFeatureInfo&LAYERS=BT-GSNM-SAND-2024-0-30&STYLES=&FORMAT=image%2Fpng&QUERY_LAYERS=BT-GSNM-SAND-2024-0-30&INFO_FORMAT=text%2Fhtml&I=282&J=429
Global Soil Nutrients Map,BT-GSNM-SANDSD-2024-0-30,SANDSD,Sand texture fraction standard deviation,%,0-30,http://localhost:8001/collections/metadata:main/items/50888425-84b7-11f0-8702-b72cd12597f0,"https://storage.googleapis.com/fao-gismgr-glosis-data/DATA/GLOSIS/MAP/GLOSIS.BT-GSNM-SANDSD-2024,tif",http://localhost:8082/?map=/etc/mapserver/BT-GSNM-SANDSD-2024-0-30.map&SERVICE=WMS&VERSION=1.3.0&REQUEST=GetMap&BBOX=26.7%2C88.7%2C28.2%2C92.1&CRS=EPSG%3A4326&WIDTH=1500&HEIGHT=689&LAYERS=BT-GSNM-SANDSD-2024-0-30&STYLES=&FORMAT=image%2Fpng&DPI=96&MAP_RESOLUTION=96&FORMAT_OPTIONS=dpi%3A96&TRANSPARENT=TRUE,http://localhost:8082/?map=/etc/mapserver/BT-GSNM-SANDSD-2024-0-30.map&SERVICE=WMS&VERSION=1.1.1&LAYER=BT-GSNM-SANDSD-2024-0-30&REQUEST=getlegendgraphic&FORMAT=image/png,http://localhost:8082/?map=/etc/mapserver/BT-GSNM-SANDSD-2024-0-30.map&SERVICE=WMS&VERSION=1.3.0&REQUEST=GetFeatureInfo&LAYERS=BT-GSNM-SANDSD-2024-0-30&STYLES=&FORMAT=image%2Fpng&QUERY_LAYERS=BT-GSNM-SANDSD-2024-0-30&INFO_FORMAT=text%2Fhtml&I=282&J=429
Global Soil Nutrients Map,BT-GSNM-SILT-2024-0-30,SILT,Silt texture fraction,%,0-30,http://localhost:8001/collections/metadata:main/items/5088840f-84b7-11f0-8702-b72cd12597f0,"https://storage.googleapis.com/fao-gismgr-glosis-data/DATA/GLOSIS/MAP/GLOSIS.BT-GSNM-SILT-2024,tif",http://localhost:8082/?map=/etc/mapserver/BT-GSNM-SILT-2024-0-30.map&SERVICE=WMS&VERSION=1.3.0&REQUEST=GetMap&BBOX=26.7%2C88.7%2C28.2%2C92.1&CRS=EPSG%3A4326&WIDTH=1500&HEIGHT=689&LAYERS=BT-GSNM-SILT-2024-0-30&STYLES=&FORMAT=image%2Fpng&DPI=96&MAP_RESOLUTION=96&FORMAT_OPTIONS=dpi%3A96&TRANSPARENT=TRUE,http://localhost:8082/?map=/etc/mapserver/BT-GSNM-SILT-2024-0-30.map&SERVICE=WMS&VERSION=1.1.1&LAYER=BT-GSNM-SILT-2024-0-30&REQUEST=getlegendgraphic&FORMAT=image/png,http://localhost:8082/?map=/etc/mapserver/BT-GSNM-SILT-2024-0-30.map&SERVICE=WMS&VERSION=1.3.0&REQUEST=GetFeatureInfo&LAYERS=BT-GSNM-SILT-2024-0-30&STYLES=&FORMAT=image%2Fpng&QUERY_LAYERS=BT-GSNM-SILT-2024-0-30&INFO_FORMAT=text%2Fhtml&I=282&J=429
Global Soil Nutrients Map,BT-GSNM-SILTSD-2024-0-30,SILTSD,Silt texture fraction standard deviation,%,0-30,http://localhost:8001/collections/metadata:main/items/50888428-84b7-11f0-8702-b72cd12597f0,"https://storage.googleapis.com/fao-gismgr-glosis-data/DATA/GLOSIS/MAP/GLOSIS.BT-GSNM-SILTSD-2024,tif",http://localhost:8082/?map=/etc/mapserver/BT-GSNM-SILTSD-2024-0-30.map&SERVICE=WMS&VERSION=1.3.0&REQUEST=GetMap&BBOX=26.7%2C88.7%2C28.2%2C92.1&CRS=EPSG%3A4326&WIDTH=1500&HEIGHT=689&LAYERS=BT-GSNM-SILTSD-2024-0-30&STYLES=&FORMAT=image%2Fpng&DPI=96&MAP_RESOLUTION=96&FORMAT_OPTIONS=dpi%3A96&TRANSPARENT=TRUE,http://localhost:8082/?map=/etc/mapserver/BT-GSNM-SILTSD-2024-0-30.map&SERVICE=WMS&VERSION=1.1.1&LAYER=BT-GSNM-SILTSD-2024-0-30&REQUEST=getlegendgraphic&FORMAT=image/png,http://localhost:8082/?map=/etc/mapserver/BT-GSNM-SILTSD-2024-0-30.map&SERVICE=WMS&VERSION=1.3.0&REQUEST=GetFeatureInfo&LAYERS=BT-GSNM-SILTSD-2024-0-30&STYLES=&FORMAT=image%2Fpng&QUERY_LAYERS=BT-GSNM-SILTSD-2024-0-30&INFO_FORMAT=text%2Fhtml&I=282&J=429
Global Soil Organic Carbon Sequestration Potential Map,BT-GSOC-CORGADBAU-2022-0-30,CORGADBAU,Organic carbon sequestration potential - absolute difference business-as-usual,t/(ha·a),0-30,http://localhost:8001/collections/metadata:main/items/50888402-84b7-11f0-8702-b72cd12597f0,"https://storage.googleapis.com/fao-gismgr-glosis-data/DATA/GLOSIS/MAP/GLOSIS.BT-GSOC-CORGADBAU-2022,tif",http://localhost:8082/?map=/etc/mapserver/BT-GSOC-CORGADBAU-2022-0-30.map&SERVICE=WMS&VERSION=1.3.0&REQUEST=GetMap&BBOX=26.7%2C88.7%2C28.2%2C92.1&CRS=EPSG%3A4326&WIDTH=375&HEIGHT=172&LAYERS=BT-GSOC-CORGADBAU-2022-0-30&STYLES=&FORMAT=image%2Fpng&DPI=96&MAP_RESOLUTION=96&FORMAT_OPTIONS=dpi%3A96&TRANSPARENT=TRUE,http://localhost:8082/?map=/etc/mapserver/BT-GSOC-CORGADBAU-2022-0-30.map&SERVICE=WMS&VERSION=1.1.1&LAYER=BT-GSOC-CORGADBAU-2022-0-30&REQUEST=getlegendgraphic&FORMAT=image/png,http://localhost:8082/?map=/etc/mapserver/BT-GSOC-CORGADBAU-2022-0-30.map&SERVICE=WMS&VERSION=1.3.0&REQUEST=GetFeatureInfo&LAYERS=BT-GSOC-CORGADBAU-2022-0-30&STYLES=&FORMAT=image%2Fpng&QUERY_LAYERS=BT-GSOC-CORGADBAU-2022-0-30&INFO_FORMAT=text%2Fhtml&I=282&J=429
Global Soil Organic Carbon Sequestration Potential Map,BT-GSOC-CORGADSSM1-2022-0-30,CORGADSSM1,Organic carbon sequestration potential - absolute difference sustainable soil managemen 1,t/(ha·a),0-30,http://localhost:8001/collections/metadata:main/items/5088840b-84b7-11f0-8702-b72cd12597f0,"https://storage.googleapis.com/fao-gismgr-glosis-data/DATA/GLOSIS/MAP/GLOSIS.BT-GSOC-CORGADSSM1-2022,tif",http://localhost:8082/?map=/etc/mapserver/BT-GSOC-CORGADSSM1-2022-0-30.map&SERVICE=WMS&VERSION=1.3.0&REQUEST=GetMap&BBOX=26.7%2C88.7%2C28.2%2C92.1&CRS=EPSG%3A4326&WIDTH=375&HEIGHT=172&LAYERS=BT-GSOC-CORGADSSM1-2022-0-30&STYLES=&FORMAT=image%2Fpng&DPI=96&MAP_RESOLUTION=96&FORMAT_OPTIONS=dpi%3A96&TRANSPARENT=TRUE,http://localhost:8082/?map=/etc/mapserver/BT-GSOC-CORGADSSM1-2022-0-30.map&SERVICE=WMS&VERSION=1.1.1&LAYER=BT-GSOC-CORGADSSM1-2022-0-30&REQUEST=getlegendgraphic&FORMAT=image/png,http://localhost:8082/?map=/etc/mapserver/BT-GSOC-CORGADSSM1-2022-0-30.map&SERVICE=WMS&VERSION=1.3.0&REQUEST=GetFeatureInfo&LAYERS=BT-GSOC-CORGADSSM1-2022-0-30&STYLES=&FORMAT=image%2Fpng&QUERY_LAYERS=BT-GSOC-CORGADSSM1-2022-0-30&INFO_FORMAT=text%2Fhtml&I=282&J=429
Global Soil Organic Carbon Sequestration Potential Map,BT-GSOC-CORGADSSM2-2022-0-30,CORGADSSM2,Organic carbon sequestration potential - absolute difference sustainable soil managemen 2,t/(ha·a),0-30,http://localhost:8001/collections/metadata:main/items/50888426-84b7-11f0-8702-b72cd12597f0,"https://storage.googleapis.com/fao-gismgr-glosis-data/DATA/GLOSIS/MAP/GLOSIS.BT-GSOC-CORGADSSM2-2022,tif",http://localhost:8082/?map=/etc/mapserver/BT-GSOC-CORGADSSM2-2022-0-30.map&SERVICE=WMS&VERSION=1.3.0&REQUEST=GetMap&BBOX=26.7%2C88.7%2C28.2%2C92.1&CRS=EPSG%3A4326&WIDTH=375&HEIGHT=172&LAYERS=BT-GSOC-CORGADSSM2-2022-0-30&STYLES=&FORMAT=image%2Fpng&DPI=96&MAP_RESOLUTION=96&FORMAT_OPTIONS=dpi%3A96&TRANSPARENT=TRUE,http://localhost:8082/?map=/etc/mapserver/BT-GSOC-CORGADSSM2-2022-0-30.map&SERVICE=WMS&VERSION=1.1.1&LAYER=BT-GSOC-CORGADSSM2-2022-0-30&REQUEST=getlegendgraphic&FORMAT=image/png,http://localhost:8082/?map=/etc/mapserver/BT-GSOC-CORGADSSM2-2022-0-30.map&SERVICE=WMS&VERSION=1.3.0&REQUEST=GetFeatureInfo&LAYERS=BT-GSOC-CORGADSSM2-2022-0-30&STYLES=&FORMAT=image%2Fpng&QUERY_LAYERS=BT-GSOC-CORGADSSM2-2022-0-30&INFO_FORMAT=text%2Fhtml&I=282&J=429
Global Soil Organic Carbon Sequestration Potential Map,BT-GSOC-CORGADSSM3-2022-0-30,CORGADSSM3,Organic carbon sequestration potential - absolute difference sustainable soil managemen 3,t/(ha·a),0-30,http://localhost:8001/collections/metadata:main/items/50888406-84b7-11f0-8702-b72cd12597f0,"https://storage.googleapis.com/fao-gismgr-glosis-data/DATA/GLOSIS/MAP/GLOSIS.BT-GSOC-CORGADSSM3-2022,tif",http://localhost:8082/?map=/etc/mapserver/BT-GSOC-CORGADSSM3-2022-0-30.map&SERVICE=WMS&VERSION=1.3.0&REQUEST=GetMap&BBOX=26.7%2C88.7%2C28.2%2C92.1&CRS=EPSG%3A4326&WIDTH=375&HEIGHT=172&LAYERS=BT-GSOC-CORGADSSM3-2022-0-30&STYLES=&FORMAT=image%2Fpng&DPI=96&MAP_RESOLUTION=96&FORMAT_OPTIONS=dpi%3A96&TRANSPARENT=TRUE,http://localhost:8082/?map=/etc/mapserver/BT-GSOC-CORGADSSM3-2022-0-30.map&SERVICE=WMS&VERSION=1.1.1&LAYER=BT-GSOC-CORGADSSM3-2022-0-30&REQUEST=getlegendgraphic&FORMAT=image/png,http://localhost:8082/?map=/etc/mapserver/BT-GSOC-CORGADSSM3-2022-0-30.map&SERVICE=WMS&VERSION=1.3.0&REQUEST=GetFeatureInfo&LAYERS=BT-GSOC-CORGADSSM3-2022-0-30&STYLES=&FORMAT=image%2Fpng&QUERY_LAYERS=BT-GSOC-CORGADSSM3-2022-0-30&INFO_FORMAT=text%2Fhtml&I=282&J=429
Global Soil Organic Carbon Sequestration Potential Map,BT-GSOC-CORGASRBAU-2022-0-30,CORGASRBAU,Organic carbon sequestration potential - absolute sequestration rate business-as-usual,t/(ha·a),0-30,http://localhost:8001/collections/metadata:main/items/5088841b-84b7-11f0-8702-b72cd12597f0,"https://storage.googleapis.com/fao-gismgr-glosis-data/DATA/GLOSIS/MAP/GLOSIS.BT-GSOC-CORGASRBAU-2022,tif",http://localhost:8082/?map=/etc/mapserver/BT-GSOC-CORGASRBAU-2022-0-30.map&SERVICE=WMS&VERSION=1.3.0&REQUEST=GetMap&BBOX=26.7%2C88.7%2C28.2%2C92.1&CRS=EPSG%3A4326&WIDTH=375&HEIGHT=172&LAYERS=BT-GSOC-CORGASRBAU-2022-0-30&STYLES=&FORMAT=image%2Fpng&DPI=96&MAP_RESOLUTION=96&FORMAT_OPTIONS=dpi%3A96&TRANSPARENT=TRUE,http://localhost:8082/?map=/etc/mapserver/BT-GSOC-CORGASRBAU-2022-0-30.map&SERVICE=WMS&VERSION=1.1.1&LAYER=BT-GSOC-CORGASRBAU-2022-0-30&REQUEST=getlegendgraphic&FORMAT=image/png,http://localhost:8082/?map=/etc/mapserver/BT-GSOC-CORGASRBAU-2022-0-30.map&SERVICE=WMS&VERSION=1.3.0&REQUEST=GetFeatureInfo&LAYERS=BT-GSOC-CORGASRBAU-2022-0-30&STYLES=&FORMAT=image%2Fpng&QUERY_LAYERS=BT-GSOC-CORGASRBAU-2022-0-30&INFO_FORMAT=text%2Fhtml&I=282&J=429
Global Soil Organic Carbon Sequestration Potential Map,BT-GSOC-CORGASRBAUU-2022-0-30,CORGASRBAUU,Organic carbon sequestration potential - absolute sequestration rate business-as-usual uncertainty,t/(ha·a),0-30,http://localhost:8001/collections/metadata:main/items/508883f0-84b7-11f0-8702-b72cd12597f0,"https://storage.googleapis.com/fao-gismgr-glosis-data/DATA/GLOSIS/MAP/GLOSIS.BT-GSOC-CORGASRBAUU-2022,tif",http://localhost:8082/?map=/etc/mapserver/BT-GSOC-CORGASRBAUU-2022-0-30.map&SERVICE=WMS&VERSION=1.3.0&REQUEST=GetMap&BBOX=26.7%2C88.7%2C28.2%2C92.1&CRS=EPSG%3A4326&WIDTH=375&HEIGHT=172&LAYERS=BT-GSOC-CORGASRBAUU-2022-0-30&STYLES=&FORMAT=image%2Fpng&DPI=96&MAP_RESOLUTION=96&FORMAT_OPTIONS=dpi%3A96&TRANSPARENT=TRUE,http://localhost:8082/?map=/etc/mapserver/BT-GSOC-CORGASRBAUU-2022-0-30.map&SERVICE=WMS&VERSION=1.1.1&LAYER=BT-GSOC-CORGASRBAUU-2022-0-30&REQUEST=getlegendgraphic&FORMAT=image/png,http://localhost:8082/?map=/etc/mapserver/BT-GSOC-CORGASRBAUU-2022-0-30.map&SERVICE=WMS&VERSION=1.3.0&REQUEST=GetFeatureInfo&LAYERS=BT-GSOC-CORGASRBAUU-2022-0-30&STYLES=&FORMAT=image%2Fpng&QUERY_LAYERS=BT-GSOC-CORGASRBAUU-2022-0-30&INFO_FORMAT=text%2Fhtml&I=282&J=429
Global Soil Organic Carbon Sequestration Potential Map,BT-GSOC-CORGASRSSM1-2022-0-30,CORGASRSSM1,Organic carbon sequestration potential - absolute sequestration rate sustainable soil managemen 1,t/(ha·a),0-30,http://localhost:8001/collections/metadata:main/items/50888421-84b7-11f0-8702-b72cd12597f0,"https://storage.googleapis.com/fao-gismgr-glosis-data/DATA/GLOSIS/MAP/GLOSIS.BT-GSOC-CORGASRSSM1-2022,tif",http://localhost:8082/?map=/etc/mapserver/BT-GSOC-CORGASRSSM1-2022-0-30.map&SERVICE=WMS&VERSION=1.3.0&REQUEST=GetMap&BBOX=26.7%2C88.7%2C28.2%2C92.1&CRS=EPSG%3A4326&WIDTH=375&HEIGHT=172&LAYERS=BT-GSOC-CORGASRSSM1-2022-0-30&STYLES=&FORMAT=image%2Fpng&DPI=96&MAP_RESOLUTION=96&FORMAT_OPTIONS=dpi%3A96&TRANSPARENT=TRUE,http://localhost:8082/?map=/etc/mapserver/BT-GSOC-CORGASRSSM1-2022-0-30.map&SERVICE=WMS&VERSION=1.1.1&LAYER=BT-GSOC-CORGASRSSM1-2022-0-30&REQUEST=getlegendgraphic&FORMAT=image/png,http://localhost:8082/?map=/etc/mapserver/BT-GSOC-CORGASRSSM1-2022-0-30.map&SERVICE=WMS&VERSION=1.3.0&REQUEST=GetFeatureInfo&LAYERS=BT-GSOC-CORGASRSSM1-2022-0-30&STYLES=&FORMAT=image%2Fpng&QUERY_LAYERS=BT-GSOC-CORGASRSSM1-2022-0-30&INFO_FORMAT=text%2Fhtml&I=282&J=429
Global Soil Organic Carbon Sequestration Potential Map,BT-GSOC-CORGASRSSM1U-2022-0-30,CORGASRSSM1U,Organic carbon sequestration potential - absolute sequestration rate sustainable soil managemen 1 uncertainty,t/(ha·a),0-30,http://localhost:8001/collections/metadata:main/items/50888412-84b7-11f0-8702-b72cd12597f0,"https://storage.googleapis.com/fao-gismgr-glosis-data/DATA/GLOSIS/MAP/GLOSIS.BT-GSOC-CORGASRSSM1U-2022,tif",http://localhost:8082/?map=/etc/mapserver/BT-GSOC-CORGASRSSM1U-2022-0-30.map&SERVICE=WMS&VERSION=1.3.0&REQUEST=GetMap&BBOX=26.7%2C88.7%2C28.2%2C92.1&CRS=EPSG%3A4326&WIDTH=375&HEIGHT=172&LAYERS=BT-GSOC-CORGASRSSM1U-2022-0-30&STYLES=&FORMAT=image%2Fpng&DPI=96&MAP_RESOLUTION=96&FORMAT_OPTIONS=dpi%3A96&TRANSPARENT=TRUE,http://localhost:8082/?map=/etc/mapserver/BT-GSOC-CORGASRSSM1U-2022-0-30.map&SERVICE=WMS&VERSION=1.1.1&LAYER=BT-GSOC-CORGASRSSM1U-2022-0-30&REQUEST=getlegendgraphic&FORMAT=image/png,http://localhost:8082/?map=/etc/mapserver/BT-GSOC-CORGASRSSM1U-2022-0-30.map&SERVICE=WMS&VERSION=1.3.0&REQUEST=GetFeatureInfo&LAYERS=BT-GSOC-CORGASRSSM1U-2022-0-30&STYLES=&FORMAT=image%2Fpng&QUERY_LAYERS=BT-GSOC-CORGASRSSM1U-2022-0-30&INFO_FORMAT=text%2Fhtml&I=282&J=429
Global Soil Organic Carbon Sequestration Potential Map,BT-GSOC-CORGASRSSM2-2022-0-30,CORGASRSSM2,Organic carbon sequestration potential - absolute sequestration rate sustainable soil managemen 2,t/(ha·a),0-30,http://localhost:8001/collections/metadata:main/items/5088841c-84b7-11f0-8702-b72cd12597f0,"https://storage.googleapis.com/fao-gismgr-glosis-data/DATA/GLOSIS/MAP/GLOSIS.BT-GSOC-CORGASRSSM2-2022,tif",http://localhost:8082/?map=/etc/mapserver/BT-GSOC-CORGASRSSM2-2022-0-30.map&SERVICE=WMS&VERSION=1.3.0&REQUEST=GetMap&BBOX=26.7%2C88.7%2C28.2%2C92.1&CRS=EPSG%3A4326&WIDTH=375&HEIGHT=172&LAYERS=BT-GSOC-CORGASRSSM2-2022-0-30&STYLES=&FORMAT=image%2Fpng&DPI=96&MAP_RESOLUTION=96&FORMAT_OPTIONS=dpi%3A96&TRANSPARENT=TRUE,http://localhost:8082/?map=/etc/mapserver/BT-GSOC-CORGASRSSM2-2022-0-30.map&SERVICE=WMS&VERSION=1.1.1&LAYER=BT-GSOC-CORGASRSSM2-2022-0-30&REQUEST=getlegendgraphic&FORMAT=image/png,http://localhost:8082/?map=/etc/mapserver/BT-GSOC-CORGASRSSM2-2022-0-30.map&SERVICE=WMS&VERSION=1.3.0&REQUEST=GetFeatureInfo&LAYERS=BT-GSOC-CORGASRSSM2-2022-0-30&STYLES=&FORMAT=image%2Fpng&QUERY_LAYERS=BT-GSOC-CORGASRSSM2-2022-0-30&INFO_FORMAT=text%2Fhtml&I=282&J=429
Global Soil Organic Carbon Sequestration Potential Map,BT-GSOC-CORGASRSSM2U-2022-0-30,CORGASRSSM2U,Organic carbon sequestration potential - absolute sequestration rate sustainable soil managemen 2 uncertainty,t/(ha·a),0-30,http://localhost:8001/collections/metadata:main/items/5088841e-84b7-11f0-8702-b72cd12597f0,"https://storage.googleapis.com/fao-gismgr-glosis-data/DATA/GLOSIS/MAP/GLOSIS.BT-GSOC-CORGASRSSM2U-2022,tif",http://localhost:8082/?map=/etc/mapserver/BT-GSOC-CORGASRSSM2U-2022-0-30.map&SERVICE=WMS&VERSION=1.3.0&REQUEST=GetMap&BBOX=26.7%2C88.7%2C28.2%2C92.1&CRS=EPSG%3A4326&WIDTH=375&HEIGHT=172&LAYERS=BT-GSOC-CORGASRSSM2U-2022-0-30&STYLES=&FORMAT=image%2Fpng&DPI=96&MAP_RESOLUTION=96&FORMAT_OPTIONS=dpi%3A96&TRANSPARENT=TRUE,http://localhost:8082/?map=/etc/mapserver/BT-GSOC-CORGASRSSM2U-2022-0-30.map&SERVICE=WMS&VERSION=1.1.1&LAYER=BT-GSOC-CORGASRSSM2U-2022-0-30&REQUEST=getlegendgraphic&FORMAT=image/png,http://localhost:8082/?map=/etc/mapserver/BT-GSOC-CORGASRSSM2U-2022-0-30.map&SERVICE=WMS&VERSION=1.3.0&REQUEST=GetFeatureInfo&LAYERS=BT-GSOC-CORGASRSSM2U-2022-0-30&STYLES=&FORMAT=image%2Fpng&QUERY_LAYERS=BT-GSOC-CORGASRSSM2U-2022-0-30&INFO_FORMAT=text%2Fhtml&I=282&J=429
Global Soil Organic Carbon Sequestration Potential Map,BT-GSOC-CORGASRSSM3-2022-0-30,CORGASRSSM3,Organic carbon sequestration potential - absolute sequestration rate sustainable soil managemen 3,t/(ha·a),0-30,http://localhost:8001/collections/metadata:main/items/508883e9-84b7-11f0-8702-b72cd12597f0,"https://storage.googleapis.com/fao-gismgr-glosis-data/DATA/GLOSIS/MAP/GLOSIS.BT-GSOC-CORGASRSSM3-2022,tif",http://localhost:8082/?map=/etc/mapserver/BT-GSOC-CORGASRSSM3-2022-0-30.map&SERVICE=WMS&VERSION=1.3.0&REQUEST=GetMap&BBOX=26.7%2C88.7%2C28.2%2C92.1&CRS=EPSG%3A4326&WIDTH=375&HEIGHT=172&LAYERS=BT-GSOC-CORGASRSSM3-2022-0-30&STYLES=&FORMAT=image%2Fpng&DPI=96&MAP_RESOLUTION=96&FORMAT_OPTIONS=dpi%3A96&TRANSPARENT=TRUE,http://localhost:8082/?map=/etc/mapserver/BT-GSOC-CORGASRSSM3-2022-0-30.map&SERVICE=WMS&VERSION=1.1.1&LAYER=BT-GSOC-CORGASRSSM3-2022-0-30&REQUEST=getlegendgraphic&FORMAT=image/png,http://localhost:8082/?map=/etc/mapserver/BT-GSOC-CORGASRSSM3-2022-0-30.map&SERVICE=WMS&VERSION=1.3.0&REQUEST=GetFeatureInfo&LAYERS=BT-GSOC-CORGASRSSM3-2022-0-30&STYLES=&FORMAT=image%2Fpng&QUERY_LAYERS=BT-GSOC-CORGASRSSM3-2022-0-30&INFO_FORMAT=text%2Fhtml&I=282&J=429
Global Soil Organic Carbon Sequestration Potential Map,BT-GSOC-CORGASRSSM3U-2022-0-30,CORGASRSSM3U,Organic carbon sequestration potential - absolute sequestration rate sustainable soil managemen 3 uncertainty,t/(ha·a),0-30,http://localhost:8001/collections/metadata:main/items/508883fd-84b7-11f0-8702-b72cd12597f0,"https://storage.googleapis.com/fao-gismgr-glosis-data/DATA/GLOSIS/MAP/GLOSIS.BT-GSOC-CORGASRSSM3U-2022,tif",http://localhost:8082/?map=/etc/mapserver/BT-GSOC-CORGASRSSM3U-2022-0-30.map&SERVICE=WMS&VERSION=1.3.0&REQUEST=GetMap&BBOX=26.7%2C88.7%2C28.2%2C92.1&CRS=EPSG%3A4326&WIDTH=375&HEIGHT=172&LAYERS=BT-GSOC-CORGASRSSM3U-2022-0-30&STYLES=&FORMAT=image%2Fpng&DPI=96&MAP_RESOLUTION=96&FORMAT_OPTIONS=dpi%3A96&TRANSPARENT=TRUE,http://localhost:8082/?map=/etc/mapserver/BT-GSOC-CORGASRSSM3U-2022-0-30.map&SERVICE=WMS&VERSION=1.1.1&LAYER=BT-GSOC-CORGASRSSM3U-2022-0-30&REQUEST=getlegendgraphic&FORMAT=image/png,http://localhost:8082/?map=/etc/mapserver/BT-GSOC-CORGASRSSM3U-2022-0-30.map&SERVICE=WMS&VERSION=1.3.0&REQUEST=GetFeatureInfo&LAYERS=BT-GSOC-CORGASRSSM3U-2022-0-30&STYLES=&FORMAT=image%2Fpng&QUERY_LAYERS=BT-GSOC-CORGASRSSM3U-2022-0-30&INFO_FORMAT=text%2Fhtml&I=282&J=429
Global Soil Organic Carbon Sequestration Potential Map,BT-GSOC-CORGRDSSM1-2022-0-30,CORGRDSSM1,Organic carbon sequestration potential - relative difference sustainable soil managemen 1,t/(ha·a),0-30,http://localhost:8001/collections/metadata:main/items/508883f5-84b7-11f0-8702-b72cd12597f0,"https://storage.googleapis.com/fao-gismgr-glosis-data/DATA/GLOSIS/MAP/GLOSIS.BT-GSOC-CORGRDSSM1-2022,tif",http://localhost:8082/?map=/etc/mapserver/BT-GSOC-CORGRDSSM1-2022-0-30.map&SERVICE=WMS&VERSION=1.3.0&REQUEST=GetMap&BBOX=26.7%2C88.7%2C28.2%2C92.1&CRS=EPSG%3A4326&WIDTH=375&HEIGHT=172&LAYERS=BT-GSOC-CORGRDSSM1-2022-0-30&STYLES=&FORMAT=image%2Fpng&DPI=96&MAP_RESOLUTION=96&FORMAT_OPTIONS=dpi%3A96&TRANSPARENT=TRUE,http://localhost:8082/?map=/etc/mapserver/BT-GSOC-CORGRDSSM1-2022-0-30.map&SERVICE=WMS&VERSION=1.1.1&LAYER=BT-GSOC-CORGRDSSM1-2022-0-30&REQUEST=getlegendgraphic&FORMAT=image/png,http://localhost:8082/?map=/etc/mapserver/BT-GSOC-CORGRDSSM1-2022-0-30.map&SERVICE=WMS&VERSION=1.3.0&REQUEST=GetFeatureInfo&LAYERS=BT-GSOC-CORGRDSSM1-2022-0-30&STYLES=&FORMAT=image%2Fpng&QUERY_LAYERS=BT-GSOC-CORGRDSSM1-2022-0-30&INFO_FORMAT=text%2Fhtml&I=282&J=429
Global Soil Organic Carbon Sequestration Potential Map,BT-GSOC-CORGRDSSM2-2022-0-30,CORGRDSSM2,Organic carbon sequestration potential - relative difference sustainable soil managemen 2,t/(ha·a),0-30,http://localhost:8001/collections/metadata:main/items/50888408-84b7-11f0-8702-b72cd12597f0,"https://storage.googleapis.com/fao-gismgr-glosis-data/DATA/GLOSIS/MAP/GLOSIS.BT-GSOC-CORGRDSSM2-2022,tif",http://localhost:8082/?map=/etc/mapserver/BT-GSOC-CORGRDSSM2-2022-0-30.map&SERVICE=WMS&VERSION=1.3.0&REQUEST=GetMap&BBOX=26.7%2C88.7%2C28.2%2C92.1&CRS=EPSG%3A4326&WIDTH=375&HEIGHT=172&LAYERS=BT-GSOC-CORGRDSSM2-2022-0-30&STYLES=&FORMAT=image%2Fpng&DPI=96&MAP_RESOLUTION=96&FORMAT_OPTIONS=dpi%3A96&TRANSPARENT=TRUE,http://localhost:8082/?map=/etc/mapserver/BT-GSOC-CORGRDSSM2-2022-0-30.map&SERVICE=WMS&VERSION=1.1.1&LAYER=BT-GSOC-CORGRDSSM2-2022-0-30&REQUEST=getlegendgraphic&FORMAT=image/png,http://localhost:8082/?map=/etc/mapserver/BT-GSOC-CORGRDSSM2-2022-0-30.map&SERVICE=WMS&VERSION=1.3.0&REQUEST=GetFeatureInfo&LAYERS=BT-GSOC-CORGRDSSM2-2022-0-30&STYLES=&FORMAT=image%2Fpng&QUERY_LAYERS=BT-GSOC-CORGRDSSM2-2022-0-30&INFO_FORMAT=text%2Fhtml&I=282&J=429
Global Soil Organic Carbon Sequestration Potential Map,BT-GSOC-CORGRDSSM3-2022-0-30,CORGRDSSM3,Organic carbon sequestration potential - relative difference sustainable soil managemen 3,t/(ha·a),0-30,http://localhost:8001/collections/metadata:main/items/50888400-84b7-11f0-8702-b72cd12597f0,"https://storage.googleapis.com/fao-gismgr-glosis-data/DATA/GLOSIS/MAP/GLOSIS.BT-GSOC-CORGRDSSM3-2022,tif",http://localhost:8082/?map=/etc/mapserver/BT-GSOC-CORGRDSSM3-2022-0-30.map&SERVICE=WMS&VERSION=1.3.0&REQUEST=GetMap&BBOX=26.7%2C88.7%2C28.2%2C92.1&CRS=EPSG%3A4326&WIDTH=375&HEIGHT=172&LAYERS=BT-GSOC-CORGRDSSM3-2022-0-30&STYLES=&FORMAT=image%2Fpng&DPI=96&MAP_RESOLUTION=96&FORMAT_OPTIONS=dpi%3A96&TRANSPARENT=TRUE,http://localhost:8082/?map=/etc/mapserver/BT-GSOC-CORGRDSSM3-2022-0-30.map&SERVICE=WMS&VERSION=1.1.1&LAYER=BT-GSOC-CORGRDSSM3-2022-0-30&REQUEST=getlegendgraphic&FORMAT=image/png,http://localhost:8082/?map=/etc/mapserver/BT-GSOC-CORGRDSSM3-2022-0-30.map&SERVICE=WMS&VERSION=1.3.0&REQUEST=GetFeatureInfo&LAYERS=BT-GSOC-CORGRDSSM3-2022-0-30&STYLES=&FORMAT=image%2Fpng&QUERY_LAYERS=BT-GSOC-CORGRDSSM3-2022-0-30&INFO_FORMAT=text%2Fhtml&I=282&J=429
Global Soil Organic Carbon Sequestration Potential Map,BT-GSOC-CORGRSRSSM1-2022-0-30,CORGRSRSSM1,Organic carbon sequestration potential - relative sequestration rate sustainable soil managemen 1,t/(ha·a),0-30,http://localhost:8001/collections/metadata:main/items/50888409-84b7-11f0-8702-b72cd12597f0,"https://storage.googleapis.com/fao-gismgr-glosis-data/DATA/GLOSIS/MAP/GLOSIS.BT-GSOC-CORGRSRSSM1-2022,tif",http://localhost:8082/?map=/etc/mapserver/BT-GSOC-CORGRSRSSM1-2022-0-30.map&SERVICE=WMS&VERSION=1.3.0&REQUEST=GetMap&BBOX=26.7%2C88.7%2C28.2%2C92.1&CRS=EPSG%3A4326&WIDTH=375&HEIGHT=172&LAYERS=BT-GSOC-CORGRSRSSM1-2022-0-30&STYLES=&FORMAT=image%2Fpng&DPI=96&MAP_RESOLUTION=96&FORMAT_OPTIONS=dpi%3A96&TRANSPARENT=TRUE,http://localhost:8082/?map=/etc/mapserver/BT-GSOC-CORGRSRSSM1-2022-0-30.map&SERVICE=WMS&VERSION=1.1.1&LAYER=BT-GSOC-CORGRSRSSM1-2022-0-30&REQUEST=getlegendgraphic&FORMAT=image/png,http://localhost:8082/?map=/etc/mapserver/BT-GSOC-CORGRSRSSM1-2022-0-30.map&SERVICE=WMS&VERSION=1.3.0&REQUEST=GetFeatureInfo&LAYERS=BT-GSOC-CORGRSRSSM1-2022-0-30&STYLES=&FORMAT=image%2Fpng&QUERY_LAYERS=BT-GSOC-CORGRSRSSM1-2022-0-30&INFO_FORMAT=text%2Fhtml&I=282&J=429
Global Soil Organic Carbon Sequestration Potential Map,BT-GSOC-CORGRSRSSM1U-2022-0-30,CORGRSRSSM1U,Organic carbon sequestration potential - relative sequestration rate sustainable soil managemen 1 uncertainty,t/(ha·a),0-30,http://localhost:8001/collections/metadata:main/items/508883fe-84b7-11f0-8702-b72cd12597f0,"https://storage.googleapis.com/fao-gismgr-glosis-data/DATA/GLOSIS/MAP/GLOSIS.BT-GSOC-CORGRSRSSM1U-2022,tif",http://localhost:8082/?map=/etc/mapserver/BT-GSOC-CORGRSRSSM1U-2022-0-30.map&SERVICE=WMS&VERSION=1.3.0&REQUEST=GetMap&BBOX=26.7%2C88.7%2C28.2%2C92.1&CRS=EPSG%3A4326&WIDTH=375&HEIGHT=172&LAYERS=BT-GSOC-CORGRSRSSM1U-2022-0-30&STYLES=&FORMAT=image%2Fpng&DPI=96&MAP_RESOLUTION=96&FORMAT_OPTIONS=dpi%3A96&TRANSPARENT=TRUE,http://localhost:8082/?map=/etc/mapserver/BT-GSOC-CORGRSRSSM1U-2022-0-30.map&SERVICE=WMS&VERSION=1.1.1&LAYER=BT-GSOC-CORGRSRSSM1U-2022-0-30&REQUEST=getlegendgraphic&FORMAT=image/png,http://localhost:8082/?map=/etc/mapserver/BT-GSOC-CORGRSRSSM1U-2022-0-30.map&SERVICE=WMS&VERSION=1.3.0&REQUEST=GetFeatureInfo&LAYERS=BT-GSOC-CORGRSRSSM1U-2022-0-30&STYLES=&FORMAT=image%2Fpng&QUERY_LAYERS=BT-GSOC-CORGRSRSSM1U-2022-0-30&INFO_FORMAT=text%2Fhtml&I=282&J=429
Global Soil Organic Carbon Sequestration Potential Map,BT-GSOC-CORGRSRSSM2-2022-0-30,CORGRSRSSM2,Organic carbon sequestration potential - relative sequestration rate sustainable soil managemen 2,t/(ha·a),0-30,http://localhost:8001/collections/metadata:main/items/508883ec-84b7-11f0-8702-b72cd12597f0,"https://storage.googleapis.com/fao-gismgr-glosis-data/DATA/GLOSIS/MAP/GLOSIS.BT-GSOC-CORGRSRSSM2-2022,tif",http://localhost:8082/?map=/etc/mapserver/BT-GSOC-CORGRSRSSM2-2022-0-30.map&SERVICE=WMS&VERSION=1.3.0&REQUEST=GetMap&BBOX=26.7%2C88.7%2C28.2%2C92.1&CRS=EPSG%3A4326&WIDTH=375&HEIGHT=172&LAYERS=BT-GSOC-CORGRSRSSM2-2022-0-30&STYLES=&FORMAT=image%2Fpng&DPI=96&MAP_RESOLUTION=96&FORMAT_OPTIONS=dpi%3A96&TRANSPARENT=TRUE,http://localhost:8082/?map=/etc/mapserver/BT-GSOC-CORGRSRSSM2-2022-0-30.map&SERVICE=WMS&VERSION=1.1.1&LAYER=BT-GSOC-CORGRSRSSM2-2022-0-30&REQUEST=getlegendgraphic&FORMAT=image/png,http://localhost:8082/?map=/etc/mapserver/BT-GSOC-CORGRSRSSM2-2022-0-30.map&SERVICE=WMS&VERSION=1.3.0&REQUEST=GetFeatureInfo&LAYERS=BT-GSOC-CORGRSRSSM2-2022-0-30&STYLES=&FORMAT=image%2Fpng&QUERY_LAYERS=BT-GSOC-CORGRSRSSM2-2022-0-30&INFO_FORMAT=text%2Fhtml&I=282&J=429
Global Soil Organic Carbon Sequestration Potential Map,BT-GSOC-CORGRSRSSM2U-2022-0-30,CORGRSRSSM2U,Organic carbon sequestration potential - relative sequestration rate sustainable soil managemen 2 uncertainty,t/(ha·a),0-30,http://localhost:8001/collections/metadata:main/items/5088840e-84b7-11f0-8702-b72cd12597f0,"https://storage.googleapis.com/fao-gismgr-glosis-data/DATA/GLOSIS/MAP/GLOSIS.BT-GSOC-CORGRSRSSM2U-2022,tif",http://localhost:8082/?map=/etc/mapserver/BT-GSOC-CORGRSRSSM2U-2022-0-30.map&SERVICE=WMS&VERSION=1.3.0&REQUEST=GetMap&BBOX=26.7%2C88.7%2C28.2%2C92.1&CRS=EPSG%3A4326&WIDTH=375&HEIGHT=172&LAYERS=BT-GSOC-CORGRSRSSM2U-2022-0-30&STYLES=&FORMAT=image%2Fpng&DPI=96&MAP_RESOLUTION=96&FORMAT_OPTIONS=dpi%3A96&TRANSPARENT=TRUE,http://localhost:8082/?map=/etc/mapserver/BT-GSOC-CORGRSRSSM2U-2022-0-30.map&SERVICE=WMS&VERSION=1.1.1&LAYER=BT-GSOC-CORGRSRSSM2U-2022-0-30&REQUEST=getlegendgraphic&FORMAT=image/png,http://localhost:8082/?map=/etc/mapserver/BT-GSOC-CORGRSRSSM2U-2022-0-30.map&SERVICE=WMS&VERSION=1.3.0&REQUEST=GetFeatureInfo&LAYERS=BT-GSOC-CORGRSRSSM2U-2022-0-30&STYLES=&FORMAT=image%2Fpng&QUERY_LAYERS=BT-GSOC-CORGRSRSSM2U-2022-0-30&INFO_FORMAT=text%2Fhtml&I=282&J=429
Global Soil Organic Carbon Sequestration Potential Map,BT-GSOC-CORGRSRSSM3-2022-0-30,CORGRSRSSM3,Organic carbon sequestration potential - relative sequestration rate sustainable soil managemen 3,t/(ha·a),0-30,http://localhost:8001/collections/metadata:main/items/50888415-84b7-11f0-8702-b72cd12597f0,"https://storage.googleapis.com/fao-gismgr-glosis-data/DATA/GLOSIS/MAP/GLOSIS.BT-GSOC-CORGRSRSSM3-2022,tif",http://localhost:8082/?map=/etc/mapserver/BT-GSOC-CORGRSRSSM3-2022-0-30.map&SERVICE=WMS&VERSION=1.3.0&REQUEST=GetMap&BBOX=26.7%2C88.7%2C28.2%2C92.1&CRS=EPSG%3A4326&WIDTH=375&HEIGHT=172&LAYERS=BT-GSOC-CORGRSRSSM3-2022-0-30&STYLES=&FORMAT=image%2Fpng&DPI=96&MAP_RESOLUTION=96&FORMAT_OPTIONS=dpi%3A96&TRANSPARENT=TRUE,http://localhost:8082/?map=/etc/mapserver/BT-GSOC-CORGRSRSSM3-2022-0-30.map&SERVICE=WMS&VERSION=1.1.1&LAYER=BT-GSOC-CORGRSRSSM3-2022-0-30&REQUEST=getlegendgraphic&FORMAT=image/png,http://localhost:8082/?map=/etc/mapserver/BT-GSOC-CORGRSRSSM3-2022-0-30.map&SERVICE=WMS&VERSION=1.3.0&REQUEST=GetFeatureInfo&LAYERS=BT-GSOC-CORGRSRSSM3-2022-0-30&STYLES=&FORMAT=image%2Fpng&QUERY_LAYERS=BT-GSOC-CORGRSRSSM3-2022-0-30&INFO_FORMAT=text%2Fhtml&I=282&J=429
Global Soil Organic Carbon Sequestration Potential Map,BT-GSOC-CORGRSRSSM3U-2022-0-30,CORGRSRSSM3U,Organic carbon sequestration potential - relative sequestration rate sustainable soil managemen 3 uncertainty,t/(ha·a),0-30,http://localhost:8001/collections/metadata:main/items/508883ea-84b7-11f0-8702-b72cd12597f0,"https://storage.googleapis.com/fao-gismgr-glosis-data/DATA/GLOSIS/MAP/GLOSIS.BT-GSOC-CORGRSRSSM3U-2022,tif",http://localhost:8082/?map=/etc/mapserver/BT-GSOC-CORGRSRSSM3U-2022-0-30.map&SERVICE=WMS&VERSION=1.3.0&REQUEST=GetMap&BBOX=26.7%2C88.7%2C28.2%2C92.1&CRS=EPSG%3A4326&WIDTH=375&HEIGHT=172&LAYERS=BT-GSOC-CORGRSRSSM3U-2022-0-30&STYLES=&FORMAT=image%2Fpng&DPI=96&MAP_RESOLUTION=96&FORMAT_OPTIONS=dpi%3A96&TRANSPARENT=TRUE,http://localhost:8082/?map=/etc/mapserver/BT-GSOC-CORGRSRSSM3U-2022-0-30.map&SERVICE=WMS&VERSION=1.1.1&LAYER=BT-GSOC-CORGRSRSSM3U-2022-0-30&REQUEST=getlegendgraphic&FORMAT=image/png,http://localhost:8082/?map=/etc/mapserver/BT-GSOC-CORGRSRSSM3U-2022-0-30.map&SERVICE=WMS&VERSION=1.3.0&REQUEST=GetFeatureInfo&LAYERS=BT-GSOC-CORGRSRSSM3U-2022-0-30&STYLES=&FORMAT=image%2Fpng&QUERY_LAYERS=BT-GSOC-CORGRSRSSM3U-2022-0-30&INFO_FORMAT=text%2Fhtml&I=282&J=429
Global Soil Organic Carbon Sequestration Potential Map,BT-GSOC-CORGSOCBAU-2022-0-30,CORGSOCBAU,Organic carbon sequestration potential - soil organic carbon business-as-usual,t/(ha·a),0-30,http://localhost:8001/collections/metadata:main/items/5088841a-84b7-11f0-8702-b72cd12597f0,"https://storage.googleapis.com/fao-gismgr-glosis-data/DATA/GLOSIS/MAP/GLOSIS.BT-GSOC-CORGSOCBAU-2022,tif",http://localhost:8082/?map=/etc/mapserver/BT-GSOC-CORGSOCBAU-2022-0-30.map&SERVICE=WMS&VERSION=1.3.0&REQUEST=GetMap&BBOX=26.7%2C88.7%2C28.2%2C92.1&CRS=EPSG%3A4326&WIDTH=375&HEIGHT=172&LAYERS=BT-GSOC-CORGSOCBAU-2022-0-30&STYLES=&FORMAT=image%2Fpng&DPI=96&MAP_RESOLUTION=96&FORMAT_OPTIONS=dpi%3A96&TRANSPARENT=TRUE,http://localhost:8082/?map=/etc/mapserver/BT-GSOC-CORGSOCBAU-2022-0-30.map&SERVICE=WMS&VERSION=1.1.1&LAYER=BT-GSOC-CORGSOCBAU-2022-0-30&REQUEST=getlegendgraphic&FORMAT=image/png,http://localhost:8082/?map=/etc/mapserver/BT-GSOC-CORGSOCBAU-2022-0-30.map&SERVICE=WMS&VERSION=1.3.0&REQUEST=GetFeatureInfo&LAYERS=BT-GSOC-CORGSOCBAU-2022-0-30&STYLES=&FORMAT=image%2Fpng&QUERY_LAYERS=BT-GSOC-CORGSOCBAU-2022-0-30&INFO_FORMAT=text%2Fhtml&I=282&J=429
Global Soil Organic Carbon Sequestration Potential Map,BT-GSOC-CORGSOCBAUU-2022-0-30,CORGSOCBAUU,Organic carbon sequestration potential - soil organic carbon business-as-usual uncertainty,t/(ha·a),0-30,http://localhost:8001/collections/metadata:main/items/5088841d-84b7-11f0-8702-b72cd12597f0,"https://storage.googleapis.com/fao-gismgr-glosis-data/DATA/GLOSIS/MAP/GLOSIS.BT-GSOC-CORGSOCBAUU-2022,tif",http://localhost:8082/?map=/etc/mapserver/BT-GSOC-CORGSOCBAUU-2022-0-30.map&SERVICE=WMS&VERSION=1.3.0&REQUEST=GetMap&BBOX=26.7%2C88.7%2C28.2%2C92.1&CRS=EPSG%3A4326&WIDTH=375&HEIGHT=172&LAYERS=BT-GSOC-CORGSOCBAUU-2022-0-30&STYLES=&FORMAT=image%2Fpng&DPI=96&MAP_RESOLUTION=96&FORMAT_OPTIONS=dpi%3A96&TRANSPARENT=TRUE,http://localhost:8082/?map=/etc/mapserver/BT-GSOC-CORGSOCBAUU-2022-0-30.map&SERVICE=WMS&VERSION=1.1.1&LAYER=BT-GSOC-CORGSOCBAUU-2022-0-30&REQUEST=getlegendgraphic&FORMAT=image/png,http://localhost:8082/?map=/etc/mapserver/BT-GSOC-CORGSOCBAUU-2022-0-30.map&SERVICE=WMS&VERSION=1.3.0&REQUEST=GetFeatureInfo&LAYERS=BT-GSOC-CORGSOCBAUU-2022-0-30&STYLES=&FORMAT=image%2Fpng&QUERY_LAYERS=BT-GSOC-CORGSOCBAUU-2022-0-30&INFO_FORMAT=text%2Fhtml&I=282&J=429
Global Soil Organic Carbon Sequestration Potential Map,BT-GSOC-CORGSOCSSM1-2022-0-30,CORGSOCSSM1,Organic carbon sequestration potential - soil organic carbon sustainable soil managemen 1,t/(ha·a),0-30,http://localhost:8001/collections/metadata:main/items/50888405-84b7-11f0-8702-b72cd12597f0,"https://storage.googleapis.com/fao-gismgr-glosis-data/DATA/GLOSIS/MAP/GLOSIS.BT-GSOC-CORGSOCSSM1-2022,tif",http://localhost:8082/?map=/etc/mapserver/BT-GSOC-CORGSOCSSM1-2022-0-30.map&SERVICE=WMS&VERSION=1.3.0&REQUEST=GetMap&BBOX=26.7%2C88.7%2C28.2%2C92.1&CRS=EPSG%3A4326&WIDTH=375&HEIGHT=172&LAYERS=BT-GSOC-CORGSOCSSM1-2022-0-30&STYLES=&FORMAT=image%2Fpng&DPI=96&MAP_RESOLUTION=96&FORMAT_OPTIONS=dpi%3A96&TRANSPARENT=TRUE,http://localhost:8082/?map=/etc/mapserver/BT-GSOC-CORGSOCSSM1-2022-0-30.map&SERVICE=WMS&VERSION=1.1.1&LAYER=BT-GSOC-CORGSOCSSM1-2022-0-30&REQUEST=getlegendgraphic&FORMAT=image/png,http://localhost:8082/?map=/etc/mapserver/BT-GSOC-CORGSOCSSM1-2022-0-30.map&SERVICE=WMS&VERSION=1.3.0&REQUEST=GetFeatureInfo&LAYERS=BT-GSOC-CORGSOCSSM1-2022-0-30&STYLES=&FORMAT=image%2Fpng&QUERY_LAYERS=BT-GSOC-CORGSOCSSM1-2022-0-30&INFO_FORMAT=text%2Fhtml&I=282&J=429
Global Soil Organic Carbon Sequestration Potential Map,BT-GSOC-CORGSOCSSM2-2022-0-30,CORGSOCSSM2,Organic carbon sequestration potential - soil organic carbon sustainable soil managemen 2,t/(ha·a),0-30,http://localhost:8001/collections/metadata:main/items/508883eb-84b7-11f0-8702-b72cd12597f0,"https://storage.googleapis.com/fao-gismgr-glosis-data/DATA/GLOSIS/MAP/GLOSIS.BT-GSOC-CORGSOCSSM2-2022,tif",http://localhost:8082/?map=/etc/mapserver/BT-GSOC-CORGSOCSSM2-2022-0-30.map&SERVICE=WMS&VERSION=1.3.0&REQUEST=GetMap&BBOX=26.7%2C88.7%2C28.2%2C92.1&CRS=EPSG%3A4326&WIDTH=375&HEIGHT=172&LAYERS=BT-GSOC-CORGSOCSSM2-2022-0-30&STYLES=&FORMAT=image%2Fpng&DPI=96&MAP_RESOLUTION=96&FORMAT_OPTIONS=dpi%3A96&TRANSPARENT=TRUE,http://localhost:8082/?map=/etc/mapserver/BT-GSOC-CORGSOCSSM2-2022-0-30.map&SERVICE=WMS&VERSION=1.1.1&LAYER=BT-GSOC-CORGSOCSSM2-2022-0-30&REQUEST=getlegendgraphic&FORMAT=image/png,http://localhost:8082/?map=/etc/mapserver/BT-GSOC-CORGSOCSSM2-2022-0-30.map&SERVICE=WMS&VERSION=1.3.0&REQUEST=GetFeatureInfo&LAYERS=BT-GSOC-CORGSOCSSM2-2022-0-30&STYLES=&FORMAT=image%2Fpng&QUERY_LAYERS=BT-GSOC-CORGSOCSSM2-2022-0-30&INFO_FORMAT=text%2Fhtml&I=282&J=429
Global Soil Organic Carbon Sequestration Potential Map,BT-GSOC-CORGSOCSSM3-2022-0-30,CORGSOCSSM3,Organic carbon sequestration potential - soil organic carbon sustainable soil managemen 3,t/(ha·a),0-30,http://localhost:8001/collections/metadata:main/items/50888424-84b7-11f0-8702-b72cd12597f0,"https://storage.googleapis.com/fao-gismgr-glosis-data/DATA/GLOSIS/MAP/GLOSIS.BT-GSOC-CORGSOCSSM3-2022,tif",http://localhost:8082/?map=/etc/mapserver/BT-GSOC-CORGSOCSSM3-2022-0-30.map&SERVICE=WMS&VERSION=1.3.0&REQUEST=GetMap&BBOX=26.7%2C88.7%2C28.2%2C92.1&CRS=EPSG%3A4326&WIDTH=375&HEIGHT=172&LAYERS=BT-GSOC-CORGSOCSSM3-2022-0-30&STYLES=&FORMAT=image%2Fpng&DPI=96&MAP_RESOLUTION=96&FORMAT_OPTIONS=dpi%3A96&TRANSPARENT=TRUE,http://localhost:8082/?map=/etc/mapserver/BT-GSOC-CORGSOCSSM3-2022-0-30.map&SERVICE=WMS&VERSION=1.1.1&LAYER=BT-GSOC-CORGSOCSSM3-2022-0-30&REQUEST=getlegendgraphic&FORMAT=image/png,http://localhost:8082/?map=/etc/mapserver/BT-GSOC-CORGSOCSSM3-2022-0-30.map&SERVICE=WMS&VERSION=1.3.0&REQUEST=GetFeatureInfo&LAYERS=BT-GSOC-CORGSOCSSM3-2022-0-30&STYLES=&FORMAT=image%2Fpng&QUERY_LAYERS=BT-GSOC-CORGSOCSSM3-2022-0-30&INFO_FORMAT=text%2Fhtml&I=282&J=429
Global Soil Organic Carbon Sequestration Potential Map,BT-GSOC-CORGT0-2022-0-30,CORGT0,Organic carbon sequestration potential - time zero,t/(ha·a),0-30,http://localhost:8001/collections/metadata:main/items/508883ed-84b7-11f0-8702-b72cd12597f0,"https://storage.googleapis.com/fao-gismgr-glosis-data/DATA/GLOSIS/MAP/GLOSIS.BT-GSOC-CORGT0-2022,tif",http://localhost:8082/?map=/etc/mapserver/BT-GSOC-CORGT0-2022-0-30.map&SERVICE=WMS&VERSION=1.3.0&REQUEST=GetMap&BBOX=26.7%2C88.7%2C28.2%2C92.1&CRS=EPSG%3A4326&WIDTH=375&HEIGHT=172&LAYERS=BT-GSOC-CORGT0-2022-0-30&STYLES=&FORMAT=image%2Fpng&DPI=96&MAP_RESOLUTION=96&FORMAT_OPTIONS=dpi%3A96&TRANSPARENT=TRUE,http://localhost:8082/?map=/etc/mapserver/BT-GSOC-CORGT0-2022-0-30.map&SERVICE=WMS&VERSION=1.1.1&LAYER=BT-GSOC-CORGT0-2022-0-30&REQUEST=getlegendgraphic&FORMAT=image/png,http://localhost:8082/?map=/etc/mapserver/BT-GSOC-CORGT0-2022-0-30.map&SERVICE=WMS&VERSION=1.3.0&REQUEST=GetFeatureInfo&LAYERS=BT-GSOC-CORGT0-2022-0-30&STYLES=&FORMAT=image%2Fpng&QUERY_LAYERS=BT-GSOC-CORGT0-2022-0-30&INFO_FORMAT=text%2Fhtml&I=282&J=429
Global Soil Organic Carbon Sequestration Potential Map,BT-GSOC-CORGT0U-2022-0-30,CORGT0U,Organic carbon sequestration potential - time zero uncertainty,t/(ha·a),0-30,http://localhost:8001/collections/metadata:main/items/50888413-84b7-11f0-8702-b72cd12597f0,"https://storage.googleapis.com/fao-gismgr-glosis-data/DATA/GLOSIS/MAP/GLOSIS.BT-GSOC-CORGT0U-2022,tif",http://localhost:8082/?map=/etc/mapserver/BT-GSOC-CORGT0U-2022-0-30.map&SERVICE=WMS&VERSION=1.3.0&REQUEST=GetMap&BBOX=26.7%2C88.7%2C28.2%2C92.1&CRS=EPSG%3A4326&WIDTH=375&HEIGHT=172&LAYERS=BT-GSOC-CORGT0U-2022-0-30&STYLES=&FORMAT=image%2Fpng&DPI=96&MAP_RESOLUTION=96&FORMAT_OPTIONS=dpi%3A96&TRANSPARENT=TRUE,http://localhost:8082/?map=/etc/mapserver/BT-GSOC-CORGT0U-2022-0-30.map&SERVICE=WMS&VERSION=1.1.1&LAYER=BT-GSOC-CORGT0U-2022-0-30&REQUEST=getlegendgraphic&FORMAT=image/png,http://localhost:8082/?map=/etc/mapserver/BT-GSOC-CORGT0U-2022-0-30.map&SERVICE=WMS&VERSION=1.3.0&REQUEST=GetFeatureInfo&LAYERS=BT-GSOC-CORGT0U-2022-0-30&STYLES=&FORMAT=image%2Fpng&QUERY_LAYERS=BT-GSOC-CORGT0U-2022-0-30&INFO_FORMAT=text%2Fhtml&I=282&J=429
Other maps,BT-OTHER-CLAWRB-2024-0-100,CLAWRB,World reference base,class,0-100,http://localhost:8001/collections/metadata:main/items/50888418-84b7-11f0-8702-b72cd12597f0,"https://storage.googleapis.com/fao-gismgr-glosis-data/DATA/GLOSIS/MAP/GLOSIS.BT-OTHER-CLAWRB-2024,tif",http://localhost:8082/?map=/etc/mapserver/BT-OTHER-CLAWRB-2024-0-100.map&SERVICE=WMS&VERSION=1.3.0&REQUEST=GetMap&BBOX=26.7%2C88.7%2C28.2%2C92.1&CRS=EPSG%3A4326&WIDTH=1500&HEIGHT=689&LAYERS=BT-OTHER-CLAWRB-2024-0-100&STYLES=&FORMAT=image%2Fpng&DPI=96&MAP_RESOLUTION=96&FORMAT_OPTIONS=dpi%3A96&TRANSPARENT=TRUE,http://localhost:8082/?map=/etc/mapserver/BT-OTHER-CLAWRB-2024-0-100.map&SERVICE=WMS&VERSION=1.1.1&LAYER=BT-OTHER-CLAWRB-2024-0-100&REQUEST=getlegendgraphic&FORMAT=image/png,http://localhost:8082/?map=/etc/mapserver/BT-OTHER-CLAWRB-2024-0-100.map&SERVICE=WMS&VERSION=1.3.0&REQUEST=GetFeatureInfo&LAYERS=BT-OTHER-CLAWRB-2024-0-100&STYLES=&FORMAT=image%2Fpng&QUERY_LAYERS=BT-OTHER-CLAWRB-2024-0-100&INFO_FORMAT=text%2Fhtml&I=282&J=429
